,Q2-Isr_edited_ob_5,Q2-Isr_edited_ob_6,Q2-na_edited_hu_1,Q2-af_edited_hu_1,Q2-as_edited_ob_1,Q2-sa_edited_ob_1,Q2-isr_edited_hu_2,Q2-isr_edited_hu_1,Q2-Isr_unedited_1,Q3-Isr_unedited_1_Last Click,Q4-Isr_unedited_1_1,Q2-Isr_unedited_2,Q3-Isr_unedited_2_Last Click,Q4-Isr_unedited_2_1,Q2-sa_unedited_1,Q3-sa_unedited_1_Last Click,Q4-sa_unedited_1_1,Q2-as_unedited_1,Q3-as_unedited_1_Last Click,Q4-as_unedited_1_1,Q3-Isr_edited_ob_5_Last Click,Q4-Isr_edited_ob_5_1,Q3-Isr_edited_ob_6_Last Click,Q4-Isr_edited_ob_6_1,Q3-na_edited_hu_1_Last Click,Q4-na_edited_hu_1_1,Q3-af_edited_hu_1_Last Click,Q4-af_edited_hu_1_1,Q2-Isr_unedited_3,Q3-Isr_unedited_3_Last Click,Q4-Isr_unedited_3_1,Q2-Isr_unedited_4,Q3-Isr_unedited_4_Last Click,Q4-Isr_unedited_4_1,Q3-as_edited_ob_1_Last Click,Q4-as_edited_ob_1_1,Q3-sa_edited_ob_1_Last Click,Q4-sa_edited_ob_1_1,Q3-isr_edited_hu_2_Last Click,Q4-isr_edited_hu_2_1,Q3-isr_edited_hu_1_Last Click,Q4-isr_edited_hu_1_1,Q2-af_unedited_1,Q3-af_unedited_1_Last Click,Q4-af_unedited_1_1,Q2-na_unedited_1,Q3-na_unedited_1_Last Click,Q4-na_unedited_1_1,WhichDevice,WhichDevice_4_TEXT,ZoomIn,AREYOUGENIUS,Age,Gender,Gender_6_TEXT,Country1_1,Country2,Country3,FamiliarityRank_4,FamiliarityRank_5,FamiliarityRank_6,FamiliarityRank_7,FamiliarityRank_8,Languages,Languages_8_TEXT,SoicalPlatforms,SoicalPlatforms_11_TEXT,AvgTimeSoical,AvgTimeNews,TrustNetwork,EditingExpreience,FamiliarityAI,FrequencyAI,ExperienceAI,ConfidenceAI,MistakeAI,CluesAI
1,התמונה אמיתית,,התמונה ערוכה ואני יודע.ת היכן בדיוק,,התמונה ערוכה ואני יודע.ת היכן בדיוק,,,התמונה ערוכה ואני יודע.ת היכן בדיוק,,,,התמונה ערוכה אך אני לא יודע.ת היכן בדיוק,22.825,3,,,,התמונה אמיתית,8.67,2,6.35,2,,,13.85,1,,,,,,התמונה אמיתית,10.907,2,18.372,2,,,,,12.803,2,,,,התמונה אמיתית,10.612,2,מחשב (נייד או נייח),,לא,,23,גבר,,israel,usa,usa,1,3,5,4,2,"עברית,אנגלית",,"אינטגרם - Instagram,רדיט - Reddit",,1-2 שעות,פחות משעה,במידה מעטה,אין,אין,אף פעם,מיומנות אפסית,אני קצת בטוח.ה ביכולת ההבחנה שלי,"כן, פעמים בודדות",
2,,התמונה אמיתית,,התמונה אמיתית,,התמונה ערוכה ואני יודע.ת היכן בדיוק,התמונה ערוכה ואני יודע.ת היכן בדיוק,,התמונה אמיתית,7.884,2,,,,,,,התמונה אמיתית,4.788,1,,,19.794,2,,,4.794,2,התמונה ערוכה אך אני לא יודע.ת היכן בדיוק,12.713,2,,,,,,9.878,1,7.375,2,,,,,,התמונה אמיתית,7.597,2,טלפון חכם,,"כן, פעמים בודדות",,24,אישה,,ארהב,,,1,3,5,4,2,"עברית,אנגלית",,אינטגרם - Instagram,,3-6 שעות,פחות משעה,בכלל לא,ניסיון מועט,אין,אף פעם,מיומנות אפסית,אני קצת בטוח.ה ביכולת ההבחנה שלי,"כן, פעמים בודדות",דברים שנראים לא אמיתיים באמת ובאיכות מוזרה
3,,התמונה אמיתית,התמונה ערוכה אך אני לא יודע.ת היכן בדיוק,,,התמונה אמיתית,התמונה אמיתית,,,,,התמונה ערוכה אך אני לא יודע.ת היכן בדיוק,31.458,2,התמונה ערוכה אך אני לא יודע.ת היכן בדיוק,14.17,2,,,,,,42.661,3,29.467,2,,,,,,התמונה אמיתית,12.41,1,,,20.704,2,20.889,1,,,התמונה אמיתית,48.801,2,,,,טלפון חכם,,"כן, ברוב התמונות",,23,גבר,,ארצות הברית,,,1,4,5,3,2,"עברית,אנגלית",,"פייסבוק - Facebook,אינטגרם - Instagram,טוויטר - Twitter,יוטיוב - Youtube",,1-2 שעות,1-2 שעות,במידה בינונית,ניסיון מועט,אין,אף פעם,מיומנות אפסית,אני לא בטוח.ה כלל ביכולת ההבחנה שלי,"כן, פעמים בודדות",לא משהו מסוים. 
4,התמונה ערוכה ואני יודע.ת היכן בדיוק,,התמונה ערוכה ואני יודע.ת היכן בדיוק,,,התמונה ערוכה ואני יודע.ת היכן בדיוק,התמונה אמיתית,,התמונה אמיתית,53.476,4,,,,התמונה ערוכה ואני יודע.ת היכן בדיוק,24.846,1,,,,50.506,1,,,47.563,1,,,,,,התמונה אמיתית,18.814,2,,,41.554,2,39.055,4,,,,,,התמונה אמיתית,30.74,3,טלפון חכם,,"כן, בכל התמונות",אני חושבת שהמטרה זה לראות כמה בטוחים היינו בתמונות האמיתיות,18,אישה,,ארצות הברית אבל עליתי בגיל צעיר,,,1,3,5,4,2,"עברית,אנגלית",,"אינטגרם - Instagram,טיקטוק - TikTok,יוטיוב - Youtube",,1-2 שעות,פחות משעה,בכלל לא,אין,מועטה,מועטה,מיומנות נמוכה,אני בטוח.ה ביכולת ההבחנה שלי,"כן, פעמים רבות","כתב, ידיים, רקע, זוהר כללי כזה לתמונה"
5,,התמונה אמיתית,,התמונה ערוכה ואני יודע.ת היכן בדיוק,,התמונה ערוכה ואני יודע.ת היכן בדיוק,,התמונה אמיתית,התמונה אמיתית,12.153,1,,,,,,,התמונה ערוכה אך אני לא יודע.ת היכן בדיוק,30.452,3,,,8.404,1,,,26.383,1,התמונה ערוכה אך אני לא יודע.ת היכן בדיוק,12.577,1,,,,,,3.419,1,,,8.572,1,התמונה אמיתית,7.111,2,,,,מחשב (נייד או נייח),,"כן, פעמים בודדות","אני לא בטוחה, אך אני חושבת שהניסוי הוא לגבי ההשפעה של אמונות על תפיסה של המציאות או משהו כזה",21,אישה,,ישראל,,,1,4,5,3,2,"עברית,אנגלית",,"פייסבוק - Facebook,אינטגרם - Instagram,טוויטר - Twitter,יוטיוב - Youtube",,3-6 שעות,1-2 שעות,במידה בינונית,אין,אין,אף פעם,מיומנות אפסית,אני קצת בטוח.ה ביכולת ההבחנה שלי,"כן, מדי פעם","ניואנסים בודדים שלא מתחברים לתמונה קוהרנטית או לא הגיוניים, למשל ידיים מעוותות או טקסט מוזר וכו'"
6,,התמונה אמיתית,התמונה ערוכה ואני יודע.ת היכן בדיוק,,,התמונה ערוכה ואני יודע.ת היכן בדיוק,,התמונה אמיתית,התמונה ערוכה אך אני לא יודע.ת היכן בדיוק,18.612,3,,,,,,,התמונה אמיתית,10.165,3,,,18.343,3,17.095,3,,,,,,התמונה אמיתית,21.057,3,,,10.857,2,,,31.756,3,,,,התמונה ערוכה ואני יודע.ת היכן בדיוק,15.78,3,טלפון חכם,,"כן, פעמים בודדות",,26,אישה,,ישראל,,,1,2,5,4,3,"עברית,אנגלית",,"פייסבוק - Facebook,אינטגרם - Instagram,טיקטוק - TikTok,יוטיוב - Youtube",,1-2 שעות,פחות משעה,במידה בינונית,ניסיון מועט,אין,אף פעם,מיומנות אפסית,אני קצת בטוח.ה ביכולת ההבחנה שלי,"כן, פעמים בודדות",
7,,התמונה אמיתית,התמונה אמיתית,,,התמונה ערוכה אך אני לא יודע.ת היכן בדיוק,התמונה אמיתית,,,,,התמונה אמיתית,6.461,2,התמונה אמיתית,7.775,2,,,,,,7.389,2,7.46,2,,,התמונה ערוכה אך אני לא יודע.ת היכן בדיוק,9.82,2,,,,,,11,2,5.711,2,,,,,,התמונה אמיתית,14.327,3,טלפון חכם,,לא,,25,אישה,,ישראל,,,1,4,5,3,2,"עברית,אנגלית",,פייסבוק - Facebook,,פחות משעה,1-2 שעות,במידה בינונית,אין,אין,אף פעם,מיומנות אפסית,אני לא בטוח.ה כלל ביכולת ההבחנה שלי,"כן, פעמים בודדות",
8,,התמונה אמיתית,,התמונה אמיתית,,התמונה ערוכה ואני יודע.ת היכן בדיוק,,התמונה ערוכה אך אני לא יודע.ת היכן בדיוק,התמונה אמיתית,12.843,1,,,,התמונה אמיתית,12.219,3,,,,,,9.512,1,,,7.187,1,,,,התמונה אמיתית,12.853,1,,,22.654,2,,,10.117,1,,,,התמונה ערוכה אך אני לא יודע.ת היכן בדיוק,8.609,1,טלפון חכם,,לא,,21,אישה,,ישראל,,,1,4,5,3,2,"עברית,אנגלית",,"אינטגרם - Instagram,יוטיוב - Youtube,אחר",וואטסאפ,3-6 שעות,פחות משעה,במידה בינונית,אין,אין,אף פעם,מיומנות אפסית,אני לא בטוח.ה כלל ביכולת ההבחנה שלי,"כן, מדי פעם","צל של אובייקטים, קווי מיתאר ברורים ומדויקים לרוב הם המציאותיים, היגיון בסמיכות האובייקטים ואופי התמונה "
9,התמונה אמיתית,,,התמונה ערוכה אך אני לא יודע.ת היכן בדיוק,התמונה אמיתית,,,התמונה ערוכה אך אני לא יודע.ת היכן בדיוק,התמונה אמיתית,19.667,2,,,,התמונה אמיתית,11.447,4,,,,7.323,4,,,,,12.858,3,,,,התמונה אמיתית,12.033,3,8.725,4,,,,,12.922,2,,,,התמונה אמיתית,11.068,4,טלפון חכם,,לא,לא,25,אישה,,ישראל,,,1,3,5,4,2,עברית,,"טוויטר - Twitter,יוטיוב - Youtube",,פחות משעה,פחות משעה,במידה בינונית,אין,מועטה,מועטה,מיומנות אפסית,אני לא בטוח.ה כלל ביכולת ההבחנה שלי,אף פעם,"גפיים, אצבעות"
10,התמונה ערוכה אך אני לא יודע.ת היכן בדיוק,,התמונה ערוכה ואני יודע.ת היכן בדיוק,,התמונה ערוכה אך אני לא יודע.ת היכן בדיוק,,,התמונה ערוכה ואני יודע.ת היכן בדיוק,התמונה ערוכה אך אני לא יודע.ת היכן בדיוק,15.042,2,,,,התמונה אמיתית,8.952,1,,,,6.394,2,,,9.054,1,,,,,,התמונה ערוכה ואני יודע.ת היכן בדיוק,23.003,3,137.561,2,,,,,11.283,2,התמונה אמיתית,26.576,2,,,,טלפון חכם,,לא,לא,24,גבר,,ישראל,,,1,5,4,3,2,"עברית,אנגלית",,"פייסבוק - Facebook,יוטיוב - Youtube",,1-2 שעות,פחות משעה,במידה בינונית,אין,אין,אף פעם,מיומנות אפסית,אני קצת בטוח.ה ביכולת ההבחנה שלי,"כן, פעמים רבות", צל או דברים שנראים פתאום מנותקים בתמונה
11,התמונה ערוכה ואני יודע.ת היכן בדיוק,,התמונה ערוכה ואני יודע.ת היכן בדיוק,,התמונה אמיתית,,,התמונה ערוכה ואני יודע.ת היכן בדיוק,התמונה אמיתית,44.725,3,,,,,,,התמונה ערוכה אך אני לא יודע.ת היכן בדיוק,48.357,3,35.5,1,,,19.531,1,,,,,,התמונה אמיתית,32.91,3,31.578,4,,,,,35.111,2,,,,התמונה ערוכה ואני יודע.ת היכן בדיוק,28.32,1,טלפון חכם,,"כן, בכל התמונות",על תשומת לב וסקפטיות.. לשים לב לפרטים הקטנים ולראות כמה אנחנו חושדים בכל דבר,22,אישה,,ישראל,,,1,4,5,3,2,"עברית,אנגלית,רוסית",,"פייסבוק - Facebook,אינטגרם - Instagram,טיקטוק - TikTok,יוטיוב - Youtube",,יותר מ-6 שעות,1-2 שעות,במידה מעטה,ניסיון בינוני,בינונית,אף פעם,מיומנות אפסית,אני בטוח.ה ביכולת ההבחנה שלי,"כן, פעמים רבות",האם האנשים נראים אותו דבר
12,,התמונה אמיתית,,התמונה ערוכה אך אני לא יודע.ת היכן בדיוק,התמונה אמיתית,,,התמונה אמיתית,,,,התמונה אמיתית,6.827,2,,,,התמונה אמיתית,14.557,2,,,14.304,2,,,16.472,3,התמונה אמיתית,12.127,2,,,,143.818,3,,,,,18.285,2,,,,התמונה אמיתית,31.941,2,טלפון חכם,,"כן, ברוב התמונות",לא,24,גבר,,ישראל,,,1,3,5,4,2,"עברית,אנגלית",,יוטיוב - Youtube,,פחות משעה,פחות משעה,במידה מעטה,אין,מועטה,מועטה,מיומנות אפסית,אני לא בטוח.ה כלל ביכולת ההבחנה שלי,"כן, פעמים בודדות","דברים בולטים, צל, קווים חתוכים"
13,,התמונה אמיתית,,התמונה אמיתית,התמונה ערוכה ואני יודע.ת היכן בדיוק,,,התמונה ערוכה ואני יודע.ת היכן בדיוק,,,,התמונה אמיתית,13.089,4,,,,התמונה אמיתית,14.911,4,,,12.136,4,,,15.7,4,,,,התמונה אמיתית,26.945,4,18.433,3,,,,,18.847,3,התמונה אמיתית,24.699,4,,,,טלפון חכם,,"כן, ברוב התמונות",לא,33,אישה,,ישראל,,,1,2,4,5,3,"עברית,אנגלית",,"פייסבוק - Facebook,אינטגרם - Instagram,יוטיוב - Youtube",,3-6 שעות,פחות משעה,במידה בינונית,אין,מועטה,אף פעם,מיומנות אפסית,אני לא בטוח.ה כלל ביכולת ההבחנה שלי,"כן, פעמים בודדות",אלמנטים שלא נראים אנושיים 
14,התמונה ערוכה אך אני לא יודע.ת היכן בדיוק,,,התמונה ערוכה אך אני לא יודע.ת היכן בדיוק,התמונה ערוכה אך אני לא יודע.ת היכן בדיוק,,,התמונה ערוכה אך אני לא יודע.ת היכן בדיוק,התמונה אמיתית,5.48,2,,,,התמונה ערוכה ואני יודע.ת היכן בדיוק,7.54,2,,,,4.447,3,,,,,12.029,3,התמונה אמיתית,9.076,3,,,,4.062,2,,,,,9.556,2,,,,התמונה אמיתית,5.714,2,טלפון חכם,,לא,לא,22,אישה,,ישראל,,,1,3,5,4,2,"עברית,אנגלית",,"פייסבוק - Facebook,אינטגרם - Instagram",,3-6 שעות,1-2 שעות,במידה מעטה,אין,אין,אף פעם,מיומנות אפסית,אני קצת בטוח.ה ביכולת ההבחנה שלי,אף פעם,אין
15,,התמונה ערוכה ואני יודע.ת היכן בדיוק,התמונה ערוכה ואני יודע.ת היכן בדיוק,,,התמונה ערוכה ואני יודע.ת היכן בדיוק,,התמונה ערוכה ואני יודע.ת היכן בדיוק,התמונה אמיתית,11.281,3,,,,התמונה אמיתית,9.348,2,,,,,,26.298,3,13.559,2,,,,,,התמונה אמיתית,17.592,2,,,7.478,3,,,21.049,3,,,,התמונה ערוכה אך אני לא יודע.ת היכן בדיוק,23.055,2,טלפון חכם,,"כן, פעמים בודדות",לדעתי לא הבנתי,30,אישה,,ישראל,,,1,3,5,4,2,"עברית,אנגלית,אחר:",איטלקית,"פייסבוק - Facebook,אינטגרם - Instagram,אחר",WhatsApp ,3-6 שעות,פחות משעה,במידה מעטה,ניסיון בינוני,מועטה,אף פעם,מיומנות נמוכה,אני קצת בטוח.ה ביכולת ההבחנה שלי,"כן, פעמים בודדות","גליצ׳ים בדיטיילס, צבעים לא תואמים, ניגוד לחוקי פיזיקה/ צל לא הגיוני"
16,,התמונה אמיתית,,התמונה ערוכה אך אני לא יודע.ת היכן בדיוק,התמונה ערוכה אך אני לא יודע.ת היכן בדיוק,,התמונה ערוכה ואני יודע.ת היכן בדיוק,,,,,התמונה ערוכה ואני יודע.ת היכן בדיוק,6.218,1,,,,התמונה ערוכה אך אני לא יודע.ת היכן בדיוק,16.7,4,,,4.606,1,,,6.74,3,התמונה ערוכה ואני יודע.ת היכן בדיוק,7.297,3,,,,8.827,3,,,46.081,1,,,,,,התמונה אמיתית,7.196,2,טלפון חכם,,לא,,26,גבר,,ישראל,,,1,3,5,4,2,"עברית,אנגלית",,"פייסבוק - Facebook,אינטגרם - Instagram,טוויטר - Twitter",,יותר מ-6 שעות,1-2 שעות,במידה בינונית,ניסיון מועט,בינונית,מועטה,מיומנות אפסית,אני קצת בטוח.ה ביכולת ההבחנה שלי,"כן, מדי פעם",
17,התמונה אמיתית,,,התמונה אמיתית,התמונה ערוכה אך אני לא יודע.ת היכן בדיוק,,התמונה אמיתית,,התמונה אמיתית,9.387,1,,,,,,,התמונה אמיתית,20.629,2,3.55,1,,,,,4.901,2,התמונה אמיתית,5.689,1,,,,7.01,2,,,5.343,1,,,התמונה אמיתית,8.488,1,,,,טלפון חכם,,"כן, פעמים בודדות",,24,אישה,,ישראל,,,1,2,5,4,3,"עברית,אנגלית,רוסית",,"פייסבוק - Facebook,אינטגרם - Instagram,טיקטוק - TikTok",,3-6 שעות,פחות משעה,במידה בינונית,אין,אין,אף פעם,מיומנות אפסית,אני לא בטוח.ה כלל ביכולת ההבחנה שלי,"כן, פעמים בודדות",
18,,התמונה אמיתית,,התמונה ערוכה ואני יודע.ת היכן בדיוק,התמונה ערוכה אך אני לא יודע.ת היכן בדיוק,,,התמונה ערוכה ואני יודע.ת היכן בדיוק,,,,התמונה אמיתית,6.01,1,התמונה ערוכה ואני יודע.ת היכן בדיוק,6.195,1,,,,,,4.598,1,,,9.593,1,התמונה אמיתית,7.479,1,,,,6.708,1,,,,,5.834,1,התמונה אמיתית,4.369,1,,,,טלפון חכם,,לא,לא,24,אישה,,ישראל,,,1,3,4,2,5,"עברית,אנגלית",,אינטגרם - Instagram,,3-6 שעות,פחות משעה,בכלל לא,אין,אין,אף פעם,מיומנות אפסית,אני בטוח.ה ביכולת ההבחנה שלי,אף פעם,"צבעים בולטים מדי, אובייקטים לא קשורים "
19,התמונה אמיתית,,התמונה ערוכה אך אני לא יודע.ת היכן בדיוק,,התמונה אמיתית,,,התמונה אמיתית,התמונה אמיתית,7.173,2,,,,,,,התמונה אמיתית,19.531,3,6.001,2,,,16.953,2,,,,,,התמונה אמיתית,6.272,3,4.731,3,,,,,7.712,3,התמונה אמיתית,6.112,2,,,,מחשב (נייד או נייח),,לא,,24,גבר,,ישראל,,,1,4,5,3,2,"עברית,אנגלית",,יוטיוב - Youtube,,פחות משעה,פחות משעה,במידה בינונית,אין,מועטה,אף פעם,מיומנות אפסית,אני לא בטוח.ה כלל ביכולת ההבחנה שלי,אף פעם,דברים לא הגיוניים. אזורים מטושטשים או מתערבבים
20,התמונה אמיתית,,התמונה ערוכה ואני יודע.ת היכן בדיוק,,התמונה ערוכה ואני יודע.ת היכן בדיוק,,,התמונה ערוכה ואני יודע.ת היכן בדיוק,,,,התמונה ערוכה אך אני לא יודע.ת היכן בדיוק,5.644,2,,,,התמונה אמיתית,2.388,1,2.06,1,,,10.314,2,,,התמונה אמיתית,4.632,1,,,,8.649,2,,,,,22.425,2,התמונה אמיתית,2.645,2,,,,טלפון חכם,,"כן, ברוב התמונות",לא,23,אישה,,ישראל,,,1,3,5,2,4,"עברית,אנגלית",,"פייסבוק - Facebook,אינטגרם - Instagram,יוטיוב - Youtube",,1-2 שעות,פחות משעה,במידה מעטה,ניסיון בינוני,בינונית,מועטה,מיומנות בינונית,אני בטוח.ה ביכולת ההבחנה שלי,"כן, פעמים רבות","תמונות קטועות, פרצופים מוזרים, צבעים שונים, טקסטורות שונןת"
21,התמונה אמיתית,,התמונה ערוכה ואני יודע.ת היכן בדיוק,,,התמונה אמיתית,התמונה אמיתית,,התמונה אמיתית,8.908,2,,,,התמונה אמיתית,11.133,2,,,,3.498,1,,,9.184,2,,,התמונה אמיתית,20.71,2,,,,,,7.261,3,6.202,2,,,התמונה ערוכה אך אני לא יודע.ת היכן בדיוק,7.437,3,,,,טלפון חכם,,לא,,24,אישה,,ישראל,,,1,4,5,3,2,"עברית,אנגלית",,"פייסבוק - Facebook,טוויטר - Twitter",,1-2 שעות,פחות משעה,במידה בינונית,ניסיון בינוני,בינונית,מועטה,מיומנות נמוכה,אני קצת בטוח.ה ביכולת ההבחנה שלי,"כן, פעמים רבות","מספר אצבעות, איברים לא הגיוניים "
22,התמונה אמיתית,,התמונה ערוכה ואני יודע.ת היכן בדיוק,,התמונה ערוכה אך אני לא יודע.ת היכן בדיוק,,התמונה אמיתית,,,,,התמונה אמיתית,11.63,2,התמונה ערוכה ואני יודע.ת היכן בדיוק,30.113,2,,,,6.119,2,,,14.871,1,,,,,,התמונה אמיתית,8.688,2,22.318,4,,,16.641,3,,,התמונה אמיתית,7.788,1,,,,מחשב (נייד או נייח),,"כן, ברוב התמונות",,30,גבר,,ישראל,,,1,5,4,3,2,"עברית,אנגלית",,"טוויטר - Twitter,יוטיוב - Youtube",,1-2 שעות,1-2 שעות,במידה בינונית,ניסיון רב,מועטה,מועטה,מיומנות נמוכה,אני קצת בטוח.ה ביכולת ההבחנה שלי,"כן, מדי פעם","טקסטורות, תאורה, פרטים קטנים, פרופורציות"
23,,התמונה אמיתית,,התמונה ערוכה ואני יודע.ת היכן בדיוק,התמונה אמיתית,,התמונה אמיתית,,התמונה אמיתית,25.166,1,,,,התמונה ערוכה ואני יודע.ת היכן בדיוק,20.369,1,,,,,,31.574,1,,,15.187,1,התמונה אמיתית,31.065,1,,,,22.732,2,,,12.407,1,,,,,,התמונה אמיתית,17.745,1,טלפון חכם,,לא,,24,אישה,,ישראל,,,1,2,3,5,4,"עברית,אנגלית",,"פייסבוק - Facebook,יוטיוב - Youtube",,פחות משעה,פחות משעה,בכלל לא,אין,אין,אף פעם,מיומנות אפסית,אני בטוח.ה מאוד ביכולת ההבחנה שלי,"כן, פעמים בודדות",
24,התמונה אמיתית,,,התמונה ערוכה ואני יודע.ת היכן בדיוק,התמונה ערוכה ואני יודע.ת היכן בדיוק,,,התמונה ערוכה ואני יודע.ת היכן בדיוק,,,,התמונה ערוכה אך אני לא יודע.ת היכן בדיוק,18.353,2,התמונה אמיתית,37.671,2,,,,15.556,2,,,,,12.262,2,התמונה אמיתית,14.94,3,,,,8.513,1,,,,,19.676,1,,,,התמונה אמיתית,32.189,2,טלפון חכם,,לא,,25,אישה,,ישראל,,,1,4,5,3,2,עברית,,"פייסבוק - Facebook,אינטגרם - Instagram,יוטיוב - Youtube",,3-6 שעות,1-2 שעות,במידה בינונית,ניסיון בינוני,אין,אף פעם,מיומנות אפסית,אני קצת בטוח.ה ביכולת ההבחנה שלי,"כן, פעמים בודדות",מה שנראה קצת יותר מצויר
25,התמונה אמיתית,,התמונה ערוכה ואני יודע.ת היכן בדיוק,,התמונה אמיתית,,,התמונה ערוכה ואני יודע.ת היכן בדיוק,,,,התמונה ערוכה אך אני לא יודע.ת היכן בדיוק,15.06,4,התמונה אמיתית,11.222,3,,,,16.255,3,,,11.041,2,,,,,,התמונה ערוכה ואני יודע.ת היכן בדיוק,23.606,2,6.698,3,,,,,11.341,2,,,,התמונה אמיתית,15.169,3,טלפון חכם,,לא,שום מושג,25,אישה,,ישראל,,ארצות הברית ,1,4,5,3,2,"עברית,אנגלית",,"פייסבוק - Facebook,אינטגרם - Instagram,טיקטוק - TikTok,יוטיוב - Youtube,רדיט - Reddit",,1-2 שעות,פחות משעה,בכלל לא,ניסיון מועט,מועטה,מועטה,מיומנות אפסית,אני קצת בטוח.ה ביכולת ההבחנה שלי,"כן, מדי פעם",דברים שנראים לא אמיתיים
26,,התמונה אמיתית,התמונה ערוכה ואני יודע.ת היכן בדיוק,,,התמונה ערוכה אך אני לא יודע.ת היכן בדיוק,התמונה ערוכה ואני יודע.ת היכן בדיוק,,,,,התמונה אמיתית,6.727,2,,,,התמונה אמיתית,9.158,2,,,9.185,2,17.552,1,,,,,,התמונה ערוכה אך אני לא יודע.ת היכן בדיוק,7.081,3,,,12.475,3,22.323,1,,,התמונה אמיתית,11.68,2,,,,טלפון חכם,,"כן, בכל התמונות",בגלל בינה מלאכותית אי אפשר להאמין כבר מה אמיתי ומה לא?,23,גבר,,ישראל,,,1,4,5,3,2,"עברית,אנגלית",,"פייסבוק - Facebook,אינטגרם - Instagram,יוטיוב - Youtube",,3-6 שעות,פחות משעה,במידה בינונית,ניסיון מועט,בינונית,אף פעם,מיומנות אפסית,אני לא בטוח.ה כלל ביכולת ההבחנה שלי,"כן, מדי פעם","צורות מוזרות, דברים שלא לגמרי מתחברים, טשטוש פוטושופ"
27,התמונה אמיתית,,התמונה ערוכה ואני יודע.ת היכן בדיוק,,,התמונה אמיתית,,התמונה ערוכה ואני יודע.ת היכן בדיוק,,,,התמונה אמיתית,13.407,2,התמונה ערוכה ואני יודע.ת היכן בדיוק,17.212,1,,,,14.112,1,,,15.211,1,,,התמונה אמיתית,15.677,1,,,,,,10.321,1,,,21.743,2,התמונה אמיתית,74.271,1,,,,טלפון חכם,,"כן, פעמים בודדות",,24,גבר,,ישראל,,בלגיה ואוסטריה,1,5,3,4,2,"עברית,אנגלית,אחר:",צרפתית,"פייסבוק - Facebook,אינטגרם - Instagram,טלגרם - Telegram",,יותר מ-6 שעות,יותר מ-6 שעות,במידה בינונית,אין,אין,אף פעם,מיומנות אפסית,אני בטוח.ה ביכולת ההבחנה שלי,"כן, פעמים בודדות","דבר חריג בנוף, היעדרות של עצמים"
28,,התמונה אמיתית,,התמונה ערוכה ואני יודע.ת היכן בדיוק,התמונה ערוכה ואני יודע.ת היכן בדיוק,,התמונה ערוכה ואני יודע.ת היכן בדיוק,,,,,התמונה אמיתית,230.974,1,,,,התמונה ערוכה ואני יודע.ת היכן בדיוק,39.045,3,,,35.174,3,,,23.51,1,,,,התמונה ערוכה ואני יודע.ת היכן בדיוק,14.497,1,22.917,1,,,14.637,1,,,,,,התמונה ערוכה ואני יודע.ת היכן בדיוק,22.958,1,טלפון חכם,,"כן, בכל התמונות",לבדוק כמה אנשים תמימים ויכולים להאמין שתמונה ערוכה אמיתית כדי להשפיע עליהם אם זה מבחינה שיווקית/הסתה פוליטית…,23,אישה,,ישראל,,,1,3,5,4,2,"עברית,אנגלית",,"פייסבוק - Facebook,טלגרם - Telegram,יוטיוב - Youtube",,1-2 שעות,פחות משעה,במידה מעטה,ניסיון מועט,מועטה,אף פעם,מיומנות אפסית,אני קצת בטוח.ה ביכולת ההבחנה שלי,"כן, פעמים בודדות","כפות ידיים, שיניים, כפות רגליים, אישונים, מריחה ואה סימטריה של צורות/צורות שחוזרות על עצמן "
29,התמונה אמיתית,,התמונה ערוכה ואני יודע.ת היכן בדיוק,,,התמונה אמיתית,התמונה ערוכה ואני יודע.ת היכן בדיוק,,התמונה אמיתית,25.827,1,,,,התמונה אמיתית,17.212,3,,,,14.304,2,,,11.862,1,,,התמונה אמיתית,26.961,3,,,,,,30.357,2,16.948,2,,,,,,התמונה אמיתית,41.67,3,טלפון חכם,,"כן, בכל התמונות",,24,אישה,,ישראל,,,1,4,5,3,2,"עברית,אנגלית",,"פייסבוק - Facebook,אינטגרם - Instagram,יוטיוב - Youtube",,1-2 שעות,פחות משעה,במידה בינונית,ניסיון בינוני,אין,אף פעם,מיומנות אפסית,אני קצת בטוח.ה ביכולת ההבחנה שלי,אף פעם,
30,,התמונה אמיתית,התמונה אמיתית,,,התמונה ערוכה ואני יודע.ת היכן בדיוק,התמונה ערוכה ואני יודע.ת היכן בדיוק,,התמונה אמיתית,7.118,1,,,,,,,התמונה ערוכה ואני יודע.ת היכן בדיוק,9.534,1,,,10.293,1,9.726,1,,,התמונה אמיתית,11.966,1,,,,,,9.643,1,13.452,1,,,התמונה ערוכה ואני יודע.ת היכן בדיוק,26.293,1,,,,טלפון חכם,,לא,,26,אישה,,ישראל,,,1,2,4,5,3,"עברית,אנגלית",,אינטגרם - Instagram,,1-2 שעות,פחות משעה,בכלל לא,אין,אין,אף פעם,מיומנות אפסית,אני קצת בטוח.ה ביכולת ההבחנה שלי,אף פעם,
31,התמונה ערוכה ואני יודע.ת היכן בדיוק,,התמונה ערוכה ואני יודע.ת היכן בדיוק,,התמונה אמיתית,,התמונה ערוכה אך אני לא יודע.ת היכן בדיוק,,,,,התמונה ערוכה ואני יודע.ת היכן בדיוק,72.458,2,התמונה ערוכה אך אני לא יודע.ת היכן בדיוק,69.411,4,,,,54.805,2,,,58.153,2,,,התמונה ערוכה ואני יודע.ת היכן בדיוק,75.319,2,,,,52.453,2,,,162.757,4,,,התמונה אמיתית,33.864,1,,,,טלפון חכם,,"כן, בכל התמונות","לבחון עד כמה אנחנו בטוחים לגבי המידע שמגיע אלינו, במיוחד כשמדובר בתמונות של חו""ל לעומת תמונות מישראל",25,אישה,,ישראל,,,1,3,5,4,2,"עברית,אנגלית,רוסית",,"טוויטר - Twitter,יוטיוב - Youtube,רדיט - Reddit",,1-2 שעות,3-6 שעות,במידה מעטה,ניסיון מועט,אין,אף פעם,מיומנות אפסית,אני לא בטוח.ה כלל ביכולת ההבחנה שלי,"כן, מדי פעם","לראות יש פתאום קאטים מסוימים בחלקי גוף, אם יש אובייקטים שאינם שלמים או שנראים מוזר, להסתכל בהשתקפויות או במקומות שאני מצפה לראות אותן ולראות אם זה מתאים למה שציפיתי לראות"
32,,התמונה אמיתית,,התמונה אמיתית,התמונה ערוכה ואני יודע.ת היכן בדיוק,,,התמונה ערוכה ואני יודע.ת היכן בדיוק,,,,התמונה ערוכה אך אני לא יודע.ת היכן בדיוק,12.773,2,,,,התמונה אמיתית,14.531,2,,,14.163,1,,,6.725,2,התמונה אמיתית,29.468,2,,,,8.058,2,,,,,11.32,2,התמונה אמיתית,14.065,3,,,,טלפון חכם,,"כן, בכל התמונות",,24,אישה,,ישראל,,,1,5,4,3,2,"עברית,אנגלית,רוסית",,"פייסבוק - Facebook,אינטגרם - Instagram,יוטיוב - Youtube",,יותר מ-6 שעות,1-2 שעות,במידה בינונית,ניסיון מועט,מועטה,אף פעם,מיומנות אפסית,אני בטוח.ה ביכולת ההבחנה שלי,"כן, פעמים בודדות","פרצופים אנושיים, ידיים, אלמנטים שממוקמים באופן מוזר, עיוותים וקימורים שאינם הגיוניים במציאות"
33,התמונה אמיתית,,התמונה ערוכה ואני יודע.ת היכן בדיוק,,,התמונה אמיתית,התמונה אמיתית,,התמונה ערוכה ואני יודע.ת היכן בדיוק,6.87,2,,,,התמונה ערוכה ואני יודע.ת היכן בדיוק,7.453,1,,,,7.086,4,,,14.169,1,,,התמונה ערוכה אך אני לא יודע.ת היכן בדיוק,11.12,4,,,,,,6.089,2,7.326,3,,,,,,התמונה ערוכה אך אני לא יודע.ת היכן בדיוק,10.002,4,טלפון חכם,,לא,זיהוי תמונות ערוכטת,24,אישה,,ישראל,,,1,3,5,4,2,"עברית,אנגלית",,"פייסבוק - Facebook,אינטגרם - Instagram",,פחות משעה,פחות משעה,בכלל לא,אין,אין,אף פעם,מיומנות אפסית,אני לא בטוח.ה כלל ביכולת ההבחנה שלי,"כן, פעמים בודדות","הבדלים בתאורה, פרטים לא הגיוניים"
34,התמונה אמיתית,,התמונה אמיתית,,,התמונה אמיתית,,התמונה ערוכה ואני יודע.ת היכן בדיוק,,,,התמונה אמיתית,6.528,2,התמונה ערוכה ואני יודע.ת היכן בדיוק,7.188,1,,,,5.25,2,,,5.757,2,,,,,,התמונה אמיתית,4.76,2,,,7.421,1,,,6.291,1,התמונה ערוכה אך אני לא יודע.ת היכן בדיוק,8.215,3,,,,טלפון חכם,,לא,,24,אישה,,ישראל,,,1,5,4,3,2,עברית,,"פייסבוק - Facebook,אינטגרם - Instagram,טיקטוק - TikTok",,3-6 שעות,פחות משעה,במידה מעטה,אין,מועטה,אף פעם,מיומנות נמוכה,אני בטוח.ה ביכולת ההבחנה שלי,"כן, פעמים בודדות","להסתכל על פנים של אנשים ולהבין האם זה נראה מציאותי, על איכות התמונה"
35,התמונה ערוכה ואני יודע.ת היכן בדיוק,,התמונה אמיתית,,התמונה אמיתית,,,התמונה אמיתית,,,,התמונה ערוכה אך אני לא יודע.ת היכן בדיוק,7.551,2,התמונה ערוכה אך אני לא יודע.ת היכן בדיוק,7.265,2,,,,10.753,1,,,7.031,1,,,,,,התמונה אמיתית,8.475,2,8.111,2,,,,,4.065,2,התמונה אמיתית,5.903,3,,,,טלפון חכם,,לא,,23,אישה,,ישראל,,,1,4,5,3,2,"עברית,אנגלית,אחר:",גרמנית,"פייסבוק - Facebook,אינטגרם - Instagram,יוטיוב - Youtube",,3-6 שעות,פחות משעה,במידה בינונית,ניסיון מועט,אין,אף פעם,מיומנות אפסית,אני קצת בטוח.ה ביכולת ההבחנה שלי,"כן, פעמים בודדות",
36,,התמונה אמיתית,התמונה ערוכה אך אני לא יודע.ת היכן בדיוק,,,התמונה ערוכה אך אני לא יודע.ת היכן בדיוק,התמונה ערוכה אך אני לא יודע.ת היכן בדיוק,,,,,התמונה אמיתית,7.08,1,,,,התמונה אמיתית,6.035,1,,,5.55,1,9.777,1,,,,,,התמונה אמיתית,6.989,1,,,2.505,4,14.549,2,,,התמונה אמיתית,8.078,1,,,,טלפון חכם,,"כן, פעמים בודדות",,23,אישה,,ישראל,,,1,2,3,5,4,"עברית,אנגלית,רוסית",,"פייסבוק - Facebook,אינטגרם - Instagram,טיקטוק - TikTok,טלגרם - Telegram,יוטיוב - Youtube",,1-2 שעות,פחות משעה,בכלל לא,ניסיון מועט,אין,אף פעם,מיומנות אפסית,אני לא בטוח.ה כלל ביכולת ההבחנה שלי,"כן, מדי פעם",
37,,התמונה אמיתית,,התמונה אמיתית,,התמונה אמיתית,,התמונה ערוכה ואני יודע.ת היכן בדיוק,,,,התמונה אמיתית,15.688,2,,,,התמונה אמיתית,9.323,2,,,16.826,3,,,14.403,2,התמונה אמיתית,16.404,2,,,,,,10.108,2,,,12.088,1,התמונה אמיתית,13.803,2,,,,טלפון חכם,,"כן, ברוב התמונות","כן, יותר קל להבדיל אם תמונה ערוכה או לא בתרבות מוכרת כלומר שלי, מאשר תרבות לא מוכרת.",25,אישה,,ישראל,,,1,2,5,3,4,"עברית,אנגלית",,"פייסבוק - Facebook,אינטגרם - Instagram",,1-2 שעות,פחות משעה,במידה בינונית,אין,אין,אף פעם,מיומנות אפסית,אני קצת בטוח.ה ביכולת ההבחנה שלי,"כן, פעמים בודדות",משהו שנראה לי לא טבעי
38,התמונה אמיתית,,,התמונה ערוכה אך אני לא יודע.ת היכן בדיוק,התמונה אמיתית,,,התמונה ערוכה ואני יודע.ת היכן בדיוק,,,,התמונה ערוכה אך אני לא יודע.ת היכן בדיוק,16.53,3,,,,התמונה ערוכה אך אני לא יודע.ת היכן בדיוק,19.253,2,6.748,2,,,,,8.362,3,,,,התמונה אמיתית,14.591,1,8.759,3,,,,,4.276,2,,,,התמונה אמיתית,4.537,2,מחשב (נייד או נייח),,"כן, פעמים בודדות",לא,24,אישה,,ישראל,,,1,4,5,3,2,"עברית,אנגלית",,"פייסבוק - Facebook,אינטגרם - Instagram,טוויטר - Twitter,טיקטוק - TikTok,יוטיוב - Youtube",,3-6 שעות,1-2 שעות,במידה בינונית,אין,אין,אף פעם,מיומנות אפסית,אני קצת בטוח.ה ביכולת ההבחנה שלי,"כן, פעמים בודדות",כפילות של פרטים ברקע (נגיד מרקם של עץ או עננים) ודברים מעוותים ולא מציאותיים
39,התמונה ערוכה ואני יודע.ת היכן בדיוק,,,התמונה אמיתית,התמונה ערוכה ואני יודע.ת היכן בדיוק,,התמונה אמיתית,,,,,התמונה אמיתית,10.214,2,,,,התמונה אמיתית,13.533,2,8.361,1,,,,,9.276,2,התמונה ערוכה אך אני לא יודע.ת היכן בדיוק,15.973,3,,,,18.345,3,,,12.604,2,,,התמונה ערוכה אך אני לא יודע.ת היכן בדיוק,8.869,2,,,,טלפון חכם,,לא,,23,אישה,,ישראל,,,1,3,5,4,2,"עברית,אנגלית",,"פייסבוק - Facebook,אינטגרם - Instagram,טיקטוק - TikTok",,1-2 שעות,פחות משעה,במידה בינונית,ניסיון מועט,אין,אף פעם,מיומנות אפסית,אני לא בטוח.ה כלל ביכולת ההבחנה שלי,"כן, מדי פעם","דברים לא הגיוניים, דברים שלא הייתי מצפה לראות בתמונה"
40,התמונה אמיתית,,,התמונה ערוכה ואני יודע.ת היכן בדיוק,התמונה אמיתית,,התמונה ערוכה ואני יודע.ת היכן בדיוק,,,,,התמונה אמיתית,29.1,2,התמונה אמיתית,18.767,2,,,,31.167,1,,,,,31.889,1,התמונה אמיתית,29.284,2,,,,17.622,3,,,33.156,2,,,,,,התמונה אמיתית,24.902,4,טלפון חכם,,"כן, בכל התמונות",וואו ממש לא,23,גבר,,ישראל,,,1,4,5,3,2,"עברית,אנגלית",,"פייסבוק - Facebook,טלגרם - Telegram",,1-2 שעות,פחות משעה,במידה מעטה,ניסיון מועט,מועטה,אף פעם,מיומנות אפסית,אני לא בטוח.ה כלל ביכולת ההבחנה שלי,"כן, מדי פעם","תאורה, צל, דברים חריגים ברקע"
41,התמונה אמיתית,,,התמונה אמיתית,,התמונה ערוכה ואני יודע.ת היכן בדיוק,,התמונה ערוכה ואני יודע.ת היכן בדיוק,,,,התמונה אמיתית,15.488,1,,,,התמונה אמיתית,24.732,2,9.457,1,,,,,15.516,1,התמונה ערוכה ואני יודע.ת היכן בדיוק,30.62,1,,,,,,10.331,1,,,20.953,1,התמונה אמיתית,13.94,2,,,,טלפון חכם,,"כן, בכל התמונות",ואלה לא,25,אישה,,ישראל,,,1,3,5,2,4,"עברית,אנגלית",,"פייסבוק - Facebook,אינטגרם - Instagram",,1-2 שעות,פחות משעה,בכלל לא,אין,אין,אף פעם,מיומנות אפסית,אני לא בטוח.ה כלל ביכולת ההבחנה שלי,"כן, פעמים בודדות",
42,,התמונה אמיתית,התמונה ערוכה אך אני לא יודע.ת היכן בדיוק,,התמונה ערוכה ואני יודע.ת היכן בדיוק,,,התמונה ערוכה ואני יודע.ת היכן בדיוק,,,,התמונה ערוכה ואני יודע.ת היכן בדיוק,30.176,2,,,,התמונה אמיתית,39.415,1,,,19.504,3,10.044,4,,,,,,התמונה אמיתית,4.859,1,10.645,3,,,,,44.796,2,התמונה אמיתית,9.102,3,,,,טלפון חכם,,"כן, פעמים בודדות",לא הבנתי ,25,גבר,,ישראל,,,1,5,3,2,4,"עברית,אנגלית",,"פייסבוק - Facebook,אינטגרם - Instagram,יוטיוב - Youtube",,1-2 שעות,פחות משעה,במידה מעטה,אין,אין,אף פעם,מיומנות אפסית,אני לא בטוח.ה כלל ביכולת ההבחנה שלי,אף פעם,ביחס להערכה של הסבירות שהמקור נכח בסיטואציה המצולמת
43,התמונה אמיתית,,התמונה אמיתית,,התמונה ערוכה ואני יודע.ת היכן בדיוק,,,התמונה ערוכה ואני יודע.ת היכן בדיוק,,,,התמונה ערוכה ואני יודע.ת היכן בדיוק,6.554,1,התמונה ערוכה ואני יודע.ת היכן בדיוק,11.838,1,,,,9.766,2,,,11.579,2,,,,,,התמונה אמיתית,7.535,1,13.672,1,,,,,18.552,1,,,,התמונה אמיתית,9.735,4,טלפון חכם,,לא,,23,אישה,,ישראל,,,1,3,5,2,4,"עברית,אנגלית,רוסית",,"פייסבוק - Facebook,אינטגרם - Instagram,טיקטוק - TikTok,יוטיוב - Youtube",,3-6 שעות,פחות משעה,במידה בינונית,אין,אין,אף פעם,מיומנות אפסית,אני קצת בטוח.ה ביכולת ההבחנה שלי,"כן, מדי פעם",
44,,התמונה אמיתית,התמונה ערוכה אך אני לא יודע.ת היכן בדיוק,,התמונה ערוכה אך אני לא יודע.ת היכן בדיוק,,התמונה ערוכה אך אני לא יודע.ת היכן בדיוק,,התמונה אמיתית,5.973,2,,,,התמונה אמיתית,7.511,2,,,,,,4.353,2,6.953,2,,,,,,התמונה ערוכה אך אני לא יודע.ת היכן בדיוק,6.184,3,5.314,3,,,8.374,2,,,התמונה אמיתית,4.08,2,,,,טלפון חכם,,"כן, ברוב התמונות",לא,26,גבר,,ישראל,,,1,5,4,3,2,"עברית,אנגלית",,"פייסבוק - Facebook,אינטגרם - Instagram",,פחות משעה,1-2 שעות,במידה בינונית,ניסיון מועט,בינונית,מועטה,מיומנות בינונית,אני קצת בטוח.ה ביכולת ההבחנה שלי,"כן, מדי פעם",
45,,התמונה ערוכה ואני יודע.ת היכן בדיוק,,התמונה ערוכה ואני יודע.ת היכן בדיוק,התמונה אמיתית,,,התמונה אמיתית,התמונה אמיתית,17.266,2,,,,התמונה ערוכה ואני יודע.ת היכן בדיוק,7.35,1,,,,,,11.643,3,,,16.739,2,,,,התמונה אמיתית,21.075,3,20.611,3,,,,,18.03,3,התמונה אמיתית,9.11,2,,,,טלפון חכם,,"כן, פעמים בודדות",,30,גבר,,ישראל,,,1,3,4,5,2,"עברית,אנגלית",,"אינטגרם - Instagram,טוויטר - Twitter,יוטיוב - Youtube",,1-2 שעות,פחות משעה,במידה מעטה,אין,רבה,בינונית,מיומנות בינונית,אני קצת בטוח.ה ביכולת ההבחנה שלי,"כן, פעמים בודדות",עיוותים בפנים או בכללי אובייקטים לא מציאותיים
46,,התמונה ערוכה ואני יודע.ת היכן בדיוק,התמונה אמיתית,,,התמונה אמיתית,התמונה ערוכה ואני יודע.ת היכן בדיוק,,,,,התמונה ערוכה אך אני לא יודע.ת היכן בדיוק,8.351,2,,,,התמונה אמיתית,6.095,3,,,16.252,3,7.355,3,,,התמונה ערוכה ואני יודע.ת היכן בדיוק,6.864,2,,,,,,5.108,1,10,2,,,,,,התמונה ערוכה ואני יודע.ת היכן בדיוק,15.4,2,טלפון חכם,,לא,"מרכיבים דתיים שמושתלים בתמונות? (נגיד חרדים, עץ כריסמס וכו') או שלא מושתלים וגורמים לזה להיראות לא אמיתי",23,גבר,,ישראל,,ארהב ,1,3,5,4,2,"עברית,אנגלית",,"אינטגרם - Instagram,יוטיוב - Youtube,רדיט - Reddit",,1-2 שעות,1-2 שעות,במידה בינונית,אין,בינונית,אף פעם,מיומנות אפסית,אני לא בטוח.ה כלל ביכולת ההבחנה שלי,אף פעם,
47,,התמונה אמיתית,,התמונה ערוכה ואני יודע.ת היכן בדיוק,התמונה אמיתית,,,התמונה ערוכה ואני יודע.ת היכן בדיוק,,,,התמונה אמיתית,13.69,2,התמונה ערוכה אך אני לא יודע.ת היכן בדיוק,22.965,3,,,,,,7.919,2,,,15.195,1,,,,התמונה אמיתית,7.154,3,6.827,3,,,,,9.145,1,התמונה אמיתית,12.517,3,,,,טלפון חכם,,"כן, פעמים בודדות",,26,אישה,,ישראל,,,1,4,5,3,2,"עברית,אנגלית",,"פייסבוק - Facebook,אינטגרם - Instagram,יוטיוב - Youtube",,3-6 שעות,פחות משעה,במידה מעטה,אין,אין,אף פעם,מיומנות אפסית,אני לא בטוח.ה כלל ביכולת ההבחנה שלי,"כן, פעמים בודדות",
48,,התמונה אמיתית,התמונה אמיתית,,התמונה ערוכה ואני יודע.ת היכן בדיוק,,התמונה אמיתית,,,,,התמונה אמיתית,13.741,2,התמונה ערוכה אך אני לא יודע.ת היכן בדיוק,16.334,2,,,,,,9.101,1,10.153,3,,,התמונה ערוכה אך אני לא יודע.ת היכן בדיוק,11.247,2,,,,9.224,2,,,10.076,2,,,התמונה ערוכה ואני יודע.ת היכן בדיוק,23.59,2,,,,טלפון חכם,,לא,,25,אישה,,ישראל,,,1,3,4,5,2,"עברית,אנגלית",,"פייסבוק - Facebook,יוטיוב - Youtube",,1-2 שעות,1-2 שעות,במידה בינונית,אין,אין,אף פעם,מיומנות אפסית,אני לא בטוח.ה כלל ביכולת ההבחנה שלי,"כן, פעמים בודדות",
49,,התמונה אמיתית,,התמונה ערוכה ואני יודע.ת היכן בדיוק,,התמונה אמיתית,,התמונה אמיתית,התמונה ערוכה אך אני לא יודע.ת היכן בדיוק,21.503,3,,,,,,,התמונה ערוכה אך אני לא יודע.ת היכן בדיוק,20.913,3,,,13.114,2,,,16,2,,,,התמונה אמיתית,14.74,2,,,8.76,2,,,16.571,1,התמונה אמיתית,20.999,2,,,,טלפון חכם,,לא,אולי זיהוי של פייק ניוז,23,אישה,,ישראל,,,1,2,5,4,3,"עברית,אנגלית",,"פייסבוק - Facebook,אינטגרם - Instagram",,1-2 שעות,פחות משעה,במידה מעטה,אין,מועטה,אף פעם,מיומנות אפסית,אני לא בטוח.ה כלל ביכולת ההבחנה שלי,"כן, פעמים בודדות",מחפשת דברים לא הגיוניים בתמונה 
50,התמונה אמיתית,,,התמונה אמיתית,התמונה אמיתית,,התמונה אמיתית,,,,,התמונה אמיתית,6.535,1,התמונה אמיתית,7.048,4,,,,4.92,1,,,,,4.133,2,התמונה אמיתית,8.037,2,,,,13.997,1,,,3.722,1,,,התמונה אמיתית,7.8,3,,,,טלפון חכם,,"כן, פעמים בודדות",לא,26,אישה,,ישראל,,,1,4,5,3,2,"עברית,אנגלית",,"פייסבוק - Facebook,אינטגרם - Instagram",,1-2 שעות,פחות משעה,במידה מעטה,אין,אין,אף פעם,מיומנות אפסית,אני קצת בטוח.ה ביכולת ההבחנה שלי,אף פעם,
51,,התמונה אמיתית,התמונה ערוכה ואני יודע.ת היכן בדיוק,,,התמונה ערוכה ואני יודע.ת היכן בדיוק,התמונה ערוכה אך אני לא יודע.ת היכן בדיוק,,התמונה אמיתית,11.032,1,,,,התמונה אמיתית,15.514,1,,,,,,7.601,1,13.94,1,,,התמונה אמיתית,12.517,1,,,,,,18.622,4,12.875,2,,,,,,התמונה אמיתית,26.112,1,מחשב (נייד או נייח),,לא,,24,גבר,,ישראל,,,1,5,4,2,3,"עברית,אנגלית",,"אינטגרם - Instagram,יוטיוב - Youtube",,1-2 שעות,פחות משעה,במידה רבה,ניסיון בינוני,בינונית,אף פעם,מיומנות אפסית,אני בטוח.ה ביכולת ההבחנה שלי,"כן, מדי פעם",מידה מסוימת של אנימציה
52,התמונה ערוכה אך אני לא יודע.ת היכן בדיוק,,,התמונה אמיתית,התמונה ערוכה ואני יודע.ת היכן בדיוק,,,התמונה ערוכה ואני יודע.ת היכן בדיוק,,,,התמונה אמיתית,9.09,1,התמונה אמיתית,5.606,1,,,,17.558,2,,,,,3.401,1,התמונה ערוכה אך אני לא יודע.ת היכן בדיוק,13.308,2,,,,10.601,1,,,,,11.777,1,התמונה ערוכה אך אני לא יודע.ת היכן בדיוק,17.152,1,,,,טלפון חכם,,"כן, פעמים בודדות",לא חושבת שהבנתי,22,אישה,,ישראל,,,1,3,4,5,2,"עברית,אנגלית",,יוטיוב - Youtube,,1-2 שעות,פחות משעה,בכלל לא,ניסיון מועט,אין,אף פעם,מיומנות אפסית,אני בטוח.ה מאוד ביכולת ההבחנה שלי,"כן, מדי פעם",משהו שנראה אידיאלי מידי או פרט לקוי 
53,התמונה אמיתית,,התמונה ערוכה אך אני לא יודע.ת היכן בדיוק,,,התמונה ערוכה אך אני לא יודע.ת היכן בדיוק,התמונה אמיתית,,התמונה ערוכה אך אני לא יודע.ת היכן בדיוק,9.986,2,,,,,,,התמונה ערוכה אך אני לא יודע.ת היכן בדיוק,5.848,2,5.106,1,,,9.515,2,,,התמונה אמיתית,4.806,1,,,,,,7.517,2,8.402,1,,,,,,התמונה אמיתית,4.995,1,טלפון חכם,,"כן, פעמים בודדות",,23,אישה,,ישראל,,,1,3,4,5,2,"עברית,אנגלית",,"אינטגרם - Instagram,טוויטר - Twitter,טיקטוק - TikTok",,יותר מ-6 שעות,3-6 שעות,במידה מעטה,ניסיון בינוני,בינונית,בינונית,מיומנות בינונית,אני בטוח.ה ביכולת ההבחנה שלי,"כן, פעמים רבות","אור וצל, מספר אצבעות. הבעות פנים "
54,התמונה ערוכה אך אני לא יודע.ת היכן בדיוק,,,התמונה ערוכה ואני יודע.ת היכן בדיוק,,התמונה אמיתית,התמונה אמיתית,,התמונה אמיתית,14.877,2,,,,,,,התמונה אמיתית,11.632,2,4.605,3,,,,,30.266,2,,,,התמונה אמיתית,11.109,2,,,14.526,3,14.225,2,,,,,,התמונה אמיתית,8.224,1,מחשב (נייד או נייח),,"כן, פעמים בודדות",,25,אישה,,ישראל,,,1,5,4,3,2,"עברית,אנגלית",,"יוטיוב - Youtube,רדיט - Reddit",,פחות משעה,פחות משעה,במידה בינונית,אין,מועטה,מועטה,מיומנות אפסית,אני קצת בטוח.ה ביכולת ההבחנה שלי,"כן, מדי פעם","פרטים שגוף של אנשים - פנים, שיער, אצבעות. לראות אם חלקי הגוף מתקשרים כמו שצריך, אין גפיים או אצבעות מיותרות או חסרות"
55,,התמונה ערוכה ואני יודע.ת היכן בדיוק,,התמונה ערוכה ואני יודע.ת היכן בדיוק,,התמונה ערוכה ואני יודע.ת היכן בדיוק,,התמונה ערוכה ואני יודע.ת היכן בדיוק,התמונה ערוכה אך אני לא יודע.ת היכן בדיוק,79.179,3,,,,,,,התמונה אמיתית,33.946,3,,,54.983,1,,,27.506,1,,,,התמונה אמיתית,41.059,2,,,18.074,1,,,16.157,1,,,,התמונה אמיתית,47.984,3,טלפון חכם,,"כן, ברוב התמונות",,23,אישה,,ישראל,,,1,3,5,4,2,"עברית,אנגלית",,"פייסבוק - Facebook,אינטגרם - Instagram",,3-6 שעות,1-2 שעות,במידה מעטה,ניסיון מועט,מועטה,מועטה,מיומנות אפסית,אני קצת בטוח.ה ביכולת ההבחנה שלי,"כן, מדי פעם",ידיים 
56,התמונה ערוכה ואני יודע.ת היכן בדיוק,,,התמונה אמיתית,,התמונה אמיתית,,התמונה אמיתית,התמונה אמיתית,6.374,4,,,,,,,התמונה אמיתית,11.906,4,7.48,4,,,,,4.857,4,התמונה ערוכה ואני יודע.ת היכן בדיוק,17.263,3,,,,,,11.419,4,,,7.035,4,,,,התמונה אמיתית,8.078,4,טלפון חכם,,לא,לא,25,אישה,,ישראל,,,1,4,5,3,2,"עברית,אנגלית,אחר:",צרפתית,יוטיוב - Youtube,,פחות משעה,פחות משעה,במידה בינונית,ניסיון בינוני,אין,אף פעם,מיומנות אפסית,אני קצת בטוח.ה ביכולת ההבחנה שלי,אף פעם,
57,,התמונה ערוכה ואני יודע.ת היכן בדיוק,,התמונה אמיתית,,התמונה אמיתית,,התמונה ערוכה אך אני לא יודע.ת היכן בדיוק,,,,התמונה ערוכה ואני יודע.ת היכן בדיוק,34.965,2,,,,התמונה אמיתית,16.616,1,,,28,2,,,55.381,2,,,,התמונה אמיתית,11.091,1,,,12.151,1,,,21.762,3,התמונה אמיתית,7.992,1,,,,טלפון חכם,,"כן, ברוב התמונות",,25,אישה,,ישראל,,,1,4,5,3,2,"עברית,אנגלית",,"פייסבוק - Facebook,אינטגרם - Instagram,טוויטר - Twitter,טיקטוק - TikTok,טלגרם - Telegram,יוטיוב - Youtube",,יותר מ-6 שעות,פחות משעה,במידה מעטה,ניסיון רב,מועטה,אף פעם,מיומנות אפסית,אני בטוח.ה מאוד ביכולת ההבחנה שלי,"כן, פעמים רבות","פרצופים, אצבעות, דברים זהים (עמודים או חלונות) צבעים חדים מדי, מספרים או כיתוב (כמו שלט של אוטבוס)"
58,,התמונה אמיתית,התמונה ערוכה ואני יודע.ת היכן בדיוק,,התמונה ערוכה אך אני לא יודע.ת היכן בדיוק,,התמונה ערוכה ואני יודע.ת היכן בדיוק,,,,,התמונה אמיתית,13.777,2,התמונה ערוכה ואני יודע.ת היכן בדיוק,10.044,1,,,,,,34.219,3,10.757,1,,,,,,התמונה אמיתית,22.633,2,10.222,3,,,16.358,1,,,התמונה ערוכה ואני יודע.ת היכן בדיוק,19.642,1,,,,טלפון חכם,,לא,לבדוק עד כמה אנחנו בטוחים בתשובתנו ובתפיסת המציאות לאחר שאנחנו מעורערים,26,אישה,,ישראל,,,1,3,5,4,2,"עברית,אנגלית",,"פייסבוק - Facebook,אינטגרם - Instagram,טוויטר - Twitter,טלגרם - Telegram",,3-6 שעות,פחות משעה,במידה מעטה,ניסיון מועט,בינונית,מועטה,מיומנות בינונית,אני בטוח.ה ביכולת ההבחנה שלי,"כן, פעמים רבות","תווי פנים וכפות ידיים אנושיים, צלליות, המשכיות ו/או קטיעות ברצף תמונתי"
59,,התמונה ערוכה אך אני לא יודע.ת היכן בדיוק,התמונה אמיתית,,התמונה אמיתית,,התמונה ערוכה אך אני לא יודע.ת היכן בדיוק,,,,,התמונה ערוכה אך אני לא יודע.ת היכן בדיוק,20.385,2,,,,התמונה ערוכה אך אני לא יודע.ת היכן בדיוק,5.707,3,,,9.31,3,14.88,3,,,התמונה אמיתית,13.02,3,,,,13.377,2,,,13.001,3,,,,,,התמונה ערוכה אך אני לא יודע.ת היכן בדיוק,8.566,2,טלפון חכם,,"כן, פעמים בודדות",,21,אישה,,ישראל,,,1,2,5,4,3,"עברית,אנגלית,רוסית",,"אינטגרם - Instagram,יוטיוב - Youtube",,1-2 שעות,פחות משעה,בכלל לא,אין,מועטה,אף פעם,מיומנות אפסית,אני קצת בטוח.ה ביכולת ההבחנה שלי,"כן, מדי פעם",
60,התמונה אמיתית,,התמונה ערוכה ואני יודע.ת היכן בדיוק,,,התמונה אמיתית,התמונה ערוכה ואני יודע.ת היכן בדיוק,,התמונה ערוכה ואני יודע.ת היכן בדיוק,10.209,1,,,,,,,התמונה ערוכה ואני יודע.ת היכן בדיוק,29.238,2,7.096,1,,,7.252,1,,,,,,התמונה אמיתית,8.572,1,,,8.074,2,22.145,2,,,,,,התמונה ערוכה אך אני לא יודע.ת היכן בדיוק,18.468,3,טלפון חכם,,"כן, ברוב התמונות",עוד לא ,26,אישה,,ישראל,,,1,4,5,3,2,"עברית,אנגלית",,"פייסבוק - Facebook,אינטגרם - Instagram,טוויטר - Twitter,יוטיוב - Youtube",,3-6 שעות,1-2 שעות,במידה בינונית,אין,אין,אף פעם,מיומנות אפסית,אני קצת בטוח.ה ביכולת ההבחנה שלי,"כן, פעמים רבות",כשהתמונה לא הגיונית לדוגמה בן אדם עם 6 אצבעות או מפרקים שזזים בכיוונים לא הגיונייים 
61,התמונה ערוכה אך אני לא יודע.ת היכן בדיוק,,התמונה ערוכה ואני יודע.ת היכן בדיוק,,,התמונה ערוכה ואני יודע.ת היכן בדיוק,,התמונה ערוכה ואני יודע.ת היכן בדיוק,התמונה אמיתית,8.114,3,,,,,,,התמונה אמיתית,13.076,1,8.777,1,,,15.412,1,,,,,,התמונה אמיתית,12.918,2,,,13.58,2,,,21.141,1,,,,התמונה אמיתית,7.799,2,טלפון חכם,,"כן, פעמים בודדות",,25,אישה,,ישראל,,,1,2,4,5,3,"עברית,אנגלית",,יוטיוב - Youtube,,1-2 שעות,פחות משעה,במידה בינונית,אין,אין,אף פעם,מיומנות אפסית,אני קצת בטוח.ה ביכולת ההבחנה שלי,"כן, פעמים בודדות","צל לא תואם, פרטים לא קשורים כמו נוף שלא מתאים"
62,התמונה אמיתית,,התמונה ערוכה ואני יודע.ת היכן בדיוק,,,התמונה ערוכה אך אני לא יודע.ת היכן בדיוק,,התמונה ערוכה ואני יודע.ת היכן בדיוק,התמונה אמיתית,17.049,1,,,,התמונה ערוכה ואני יודע.ת היכן בדיוק,15.92,1,,,,8.953,1,,,9.54,1,,,,,,התמונה אמיתית,21.354,2,,,13.782,2,,,32.068,1,,,,התמונה אמיתית,24.838,2,טלפון חכם,,"כן, פעמים בודדות",,25,אישה,,ישראל,,,1,3,5,4,2,"עברית,אנגלית",,"פייסבוק - Facebook,יוטיוב - Youtube",,1-2 שעות,פחות משעה,במידה מעטה,ניסיון מועט,מועטה,אף פעם,מיומנות אפסית,אני בטוח.ה מאוד ביכולת ההבחנה שלי,אף פעם,ידיים ואצבעות סוררות
63,,התמונה ערוכה אך אני לא יודע.ת היכן בדיוק,,התמונה ערוכה ואני יודע.ת היכן בדיוק,,התמונה אמיתית,התמונה ערוכה ואני יודע.ת היכן בדיוק,,,,,התמונה ערוכה אך אני לא יודע.ת היכן בדיוק,12.7,4,התמונה ערוכה ואני יודע.ת היכן בדיוק,12.044,3,,,,,,103.203,2,,,12.636,2,התמונה אמיתית,33.307,1,,,,,,20.459,1,8.252,2,,,,,,התמונה אמיתית,8.425,3,טלפון חכם,,"כן, בכל התמונות",,22,אישה,,ישראל,,,1,4,5,3,2,"עברית,אנגלית",,"אינטגרם - Instagram,טיקטוק - TikTok,יוטיוב - Youtube",,3-6 שעות,1-2 שעות,במידה מעטה,אין,אין,אף פעם,מיומנות אפסית,אני קצת בטוח.ה ביכולת ההבחנה שלי,"כן, מדי פעם",מרקמים שנראים לא נכונים- למשל מכנס שהבד שלו נראה חלק מידי בצורה שזה כבר לא הגיוני. וגם שהצל נראה שונה/ בולט
64,התמונה ערוכה ואני יודע.ת היכן בדיוק,,התמונה אמיתית,,,התמונה ערוכה אך אני לא יודע.ת היכן בדיוק,התמונה ערוכה אך אני לא יודע.ת היכן בדיוק,,,,,התמונה אמיתית,22.25,2,,,,התמונה ערוכה אך אני לא יודע.ת היכן בדיוק,18.054,3,16.968,2,,,17.152,3,,,,,,התמונה אמיתית,12.59,2,,,14.799,3,37.033,3,,,התמונה ערוכה אך אני לא יודע.ת היכן בדיוק,13.027,2,,,,טלפון חכם,,"כן, פעמים בודדות",יכולת זיהוי של סימנים לא טבעיים ,23,אישה,,ישראל,,,1,2,3,5,4,"עברית,אנגלית",,"פייסבוק - Facebook,אינטגרם - Instagram,יוטיוב - Youtube",,3-6 שעות,פחות משעה,במידה בינונית,אין,אין,אף פעם,מיומנות אפסית,אני קצת בטוח.ה ביכולת ההבחנה שלי,"כן, מדי פעם","צל, השתקפות, איברי גוף מוזרים או תמונה מקרית מדי"
65,,התמונה אמיתית,התמונה ערוכה ואני יודע.ת היכן בדיוק,,התמונה אמיתית,,התמונה ערוכה ואני יודע.ת היכן בדיוק,,,,,התמונה ערוכה ואני יודע.ת היכן בדיוק,45.308,1,,,,התמונה אמיתית,65.482,2,,,67.14,2,10.003,1,,,התמונה אמיתית,71.805,2,,,,50.31,2,,,28.796,1,,,,,,התמונה אמיתית,27.232,2,טלפון חכם,,"כן, ברוב התמונות","לבדוק עד כמה אנשים בטוחים בתשובות שלהם, בין אם שגויות או לא, כדי להבין את הפסיכולוגיה שאנשים בטוחים שהם יודעים את האמת. בנוסף, לראות עד כמה אנשים יכולים לזהות תמונות שקריות באינטרנט, עם עידן ה-AI ותמונות מזוייפות חדשות.",21,גבר,,ישראל,,,1,3,5,4,2,"עברית,אנגלית",,יוטיוב - Youtube,,1-2 שעות,פחות משעה,בכלל לא,אין,מועטה,אף פעם,מיומנות אפסית,אני בטוח.ה ביכולת ההבחנה שלי,"כן, פעמים בודדות","צללים והשתקפויות לא במקום, וקווי גוף מוזרים ומצחיקים וגודל שונה לעומת המיקום בתמונה."
66,,התמונה אמיתית,התמונה ערוכה ואני יודע.ת היכן בדיוק,,התמונה ערוכה ואני יודע.ת היכן בדיוק,,,התמונה ערוכה ואני יודע.ת היכן בדיוק,התמונה ערוכה ואני יודע.ת היכן בדיוק,11.413,1,,,,,,,התמונה אמיתית,4.778,1,,,8.077,1,8.029,1,,,,,,התמונה אמיתית,6.934,1,22.584,1,,,,,17.536,1,,,,התמונה אמיתית,7.24,2,טלפון חכם,,לא,אמת ושקר בעידן הפוסט מודרני ,21,אישה,,ישראל,,,1,2,4,5,3,"עברית,אנגלית,אחר:",צרפתית ,"אינטגרם - Instagram,יוטיוב - Youtube",,1-2 שעות,1-2 שעות,במידה מעטה,ניסיון מועט,אין,אף פעם,מיומנות אפסית,אני קצת בטוח.ה ביכולת ההבחנה שלי,"כן, פעמים בודדות",אי דיוקים 
67,התמונה אמיתית,,התמונה ערוכה ואני יודע.ת היכן בדיוק,,התמונה ערוכה ואני יודע.ת היכן בדיוק,,התמונה אמיתית,,התמונה אמיתית,14.072,2,,,,,,,התמונה אמיתית,17.488,1,24.278,2,,,14.469,2,,,התמונה ערוכה ואני יודע.ת היכן בדיוק,22.999,2,,,,17.619,1,,,25.014,3,,,התמונה אמיתית,14.313,2,,,,טלפון חכם,,לא,לא ,25,אישה,,ישראל,,,1,3,5,4,2,"עברית,אנגלית",,"פייסבוק - Facebook,אינטגרם - Instagram,יוטיוב - Youtube,רדיט - Reddit",,3-6 שעות,פחות משעה,במידה בינונית,ניסיון מועט,מועטה,אף פעם,מיומנות אפסית,אני קצת בטוח.ה ביכולת ההבחנה שלי,"כן, פעמים בודדות","מספר אצבעות לא תואם בידיים, רקע שנראה שהועתק הרבה פעמים ( עצים ששוכפלו) , דברים עקומים בתמונה."
68,התמונה ערוכה ואני יודע.ת היכן בדיוק,,,התמונה ערוכה ואני יודע.ת היכן בדיוק,,התמונה ערוכה ואני יודע.ת היכן בדיוק,,התמונה ערוכה ואני יודע.ת היכן בדיוק,,,,התמונה אמיתית,5,1,התמונה אמיתית,6.77,2,,,,9.161,1,,,,,16.559,2,התמונה אמיתית,22.104,1,,,,,,10.046,1,,,14.409,2,,,,התמונה אמיתית,8.784,2,מחשב (נייד או נייח),,"כן, ברוב התמונות",זיהוי בינה מלאכותית?,23,אישה,,ישראל,,,1,3,5,4,2,"עברית,אנגלית,אחר:",גרמנית,"אינטגרם - Instagram,יוטיוב - Youtube",,3-6 שעות,פחות משעה,במידה בינונית,אין,מועטה,אף פעם,מיומנות אפסית,אני בטוח.ה ביכולת ההבחנה שלי,"כן, פעמים רבות","פרטים קטנים שלא תמיד מדויקים, דברים שמתפספסים
שאין להם חדות כמו של דברים במציאות
נגיד בתמונות בינה מלאכותית של אנשים לפעמים קל לזהות לפי העיניים שמדובר בai"
69,,התמונה אמיתית,התמונה ערוכה ואני יודע.ת היכן בדיוק,,התמונה ערוכה אך אני לא יודע.ת היכן בדיוק,,התמונה ערוכה ואני יודע.ת היכן בדיוק,,,,,התמונה ערוכה ואני יודע.ת היכן בדיוק,76.47,3,התמונה ערוכה ואני יודע.ת היכן בדיוק,92.228,2,,,,,,70.536,2,31.705,1,,,התמונה ערוכה ואני יודע.ת היכן בדיוק,59.981,1,,,,86.15,3,,,73.173,1,,,התמונה אמיתית,157.341,1,,,,טלפון חכם,,"כן, בכל התמונות",אני חושב שהניסוי בוחן את האופן שבו אנחנו מחליטים האם תמונה היא מזויפת או לא בהקשר של ייצוגים סטריאוטיפיים של כל מיני מיעוטים או קבוצות לאום. אולי חוסר הידע והמחשבות הקדומות הקיימות אצלנו יגרמו לנו לחשוב בסבירות גבוהה יותר שייצוג כלשהו של מדינה או קבוצה כלשהי הוא אמיתי למרות שהוא בעצם זיוף. ,18,גבר,,ישראל,,,1,3,5,4,2,"עברית,אנגלית,אחר:",צרפתית,"טוויטר - Twitter,יוטיוב - Youtube,רדיט - Reddit",,3-6 שעות,3-6 שעות,במידה מעטה,ניסיון בינוני,בינונית,אף פעם,מיומנות נמוכה,אני בטוח.ה ביכולת ההבחנה שלי,"כן, פעמים רבות",בדרך כלל ניתן להבחין בתמונה מזויפת על פי בעיות לוגיות כמו אנשים או חפצים שנקטעים בלי סיבה או אנשים עם יותר מידי אצבעות או שלפעמים יש חוסר התאמה בין הצללים של אובייקטים שונים
70,התמונה אמיתית,,,התמונה ערוכה ואני יודע.ת היכן בדיוק,,התמונה אמיתית,,התמונה ערוכה ואני יודע.ת היכן בדיוק,,,,התמונה ערוכה אך אני לא יודע.ת היכן בדיוק,29.664,1,,,,התמונה אמיתית,47.629,1,21.992,2,,,,,27.133,3,התמונה ערוכה ואני יודע.ת היכן בדיוק,24.48,2,,,,,,20.245,1,,,41.427,3,התמונה אמיתית,30.956,2,,,,טלפון חכם,,"כן, פעמים בודדות",,18,גבר,,ישראל,,,1,2,5,4,3,"עברית,אנגלית",,"יוטיוב - Youtube,רדיט - Reddit,אחר",דיסקורד,3-6 שעות,פחות משעה,במידה רבה,אין,מועטה,אף פעם,מיומנות אפסית,אני קצת בטוח.ה ביכולת ההבחנה שלי,"כן, מדי פעם",דברים לא הגיוניים שיהיו בתמונה. התמונה נראת כמו ציור. הגזמה של פרטים מסוימים. רקע לא ברור או שאין רקע.
71,התמונה ערוכה אך אני לא יודע.ת היכן בדיוק,,,התמונה ערוכה אך אני לא יודע.ת היכן בדיוק,,התמונה אמיתית,,התמונה ערוכה אך אני לא יודע.ת היכן בדיוק,,,,התמונה ערוכה ואני יודע.ת היכן בדיוק,30.787,2,,,,התמונה ערוכה אך אני לא יודע.ת היכן בדיוק,14.638,2,38.207,1,,,,,25.753,3,,,,התמונה ערוכה ואני יודע.ת היכן בדיוק,36.605,2,,,19.265,3,,,22.031,2,,,,התמונה אמיתית,23.628,3,טלפון חכם,,"כן, ברוב התמונות",,21,גבר,,ישראל,,,1,3,5,4,2,"עברית,אנגלית",,"טלגרם - Telegram,יוטיוב - Youtube,רדיט - Reddit",,1-2 שעות,פחות משעה,במידה מעטה,אין,אין,מועטה,מיומנות אפסית,אני קצת בטוח.ה ביכולת ההבחנה שלי,"כן, פעמים בודדות",
72,התמונה אמיתית,,,התמונה ערוכה ואני יודע.ת היכן בדיוק,התמונה ערוכה ואני יודע.ת היכן בדיוק,,,התמונה ערוכה ואני יודע.ת היכן בדיוק,,,,התמונה ערוכה ואני יודע.ת היכן בדיוק,40.171,2,,,,התמונה ערוכה אך אני לא יודע.ת היכן בדיוק,38.119,2,15.128,2,,,,,5.028,1,,,,התמונה אמיתית,18.02,1,31.696,2,,,,,16.574,2,התמונה אמיתית,81.823,2,,,,טלפון חכם,,"כן, ברוב התמונות","כן, אנחנו צריכים לבדוק אם התמונה אמיתית או שחל עליה תיקון כלשהו.",24,אישה,,ישראל,,,1,2,5,4,3,"עברית,אנגלית,ערבית",,יוטיוב - Youtube,,3-6 שעות,פחות משעה,במידה בינונית,אין,אין,אף פעם,מיומנות אפסית,אני קצת בטוח.ה ביכולת ההבחנה שלי,אף פעם,
73,,התמונה אמיתית,,התמונה ערוכה ואני יודע.ת היכן בדיוק,התמונה ערוכה ואני יודע.ת היכן בדיוק,,,התמונה אמיתית,,,,התמונה אמיתית,31.438,1,התמונה ערוכה ואני יודע.ת היכן בדיוק,43.322,1,,,,,,8.789,1,,,21.865,1,,,,התמונה אמיתית,37.585,2,29.944,1,,,,,10.379,1,התמונה אמיתית,18.794,1,,,,טלפון חכם,,לא,לא,23,אישה,,ישראל,,,1,4,5,3,2,"עברית,אנגלית,אחר:",צרפתית,"אינטגרם - Instagram,טלגרם - Telegram",,פחות משעה,1-2 שעות,במידה מעטה,אין,אין,אף פעם,מיומנות אפסית,אני קצת בטוח.ה ביכולת ההבחנה שלי,אף פעם,
74,,התמונה אמיתית,,התמונה ערוכה ואני יודע.ת היכן בדיוק,,התמונה ערוכה ואני יודע.ת היכן בדיוק,,התמונה ערוכה ואני יודע.ת היכן בדיוק,,,,התמונה אמיתית,25.005,3,התמונה ערוכה ואני יודע.ת היכן בדיוק,9.361,2,,,,,,22.818,3,,,29.57,2,,,,התמונה אמיתית,21.12,3,,,33.168,3,,,28.113,3,התמונה אמיתית,19.8,3,,,,טלפון חכם,,"כן, ברוב התמונות",,19,גבר,,ישראל,,,1,3,5,4,2,"עברית,אנגלית",,אינטגרם - Instagram,,3-6 שעות,פחות משעה,במידה מעטה,אין,מועטה,אף פעם,מיומנות אפסית,אני קצת בטוח.ה ביכולת ההבחנה שלי,"כן, פעמים בודדות",
75,,התמונה אמיתית,,התמונה אמיתית,,התמונה ערוכה ואני יודע.ת היכן בדיוק,,התמונה ערוכה אך אני לא יודע.ת היכן בדיוק,התמונה אמיתית,35.279,2,,,,,,,התמונה ערוכה ואני יודע.ת היכן בדיוק,20.235,2,,,11.719,1,,,22.155,3,התמונה אמיתית,6.917,1,,,,,,20.246,1,,,26.132,3,התמונה ערוכה ואני יודע.ת היכן בדיוק,28.324,2,,,,טלפון חכם,,"כן, פעמים בודדות",,27,גבר,,ישראל,,,1,3,5,4,2,"עברית,אנגלית,רוסית",,יוטיוב - Youtube,,1-2 שעות,1-2 שעות,במידה בינונית,ניסיון מועט,בינונית,מועטה,מיומנות בינונית,אני לא בטוח.ה כלל ביכולת ההבחנה שלי,"כן, מדי פעם","טקסט, ידיים, פנים"
76,התמונה ערוכה אך אני לא יודע.ת היכן בדיוק,,,התמונה ערוכה ואני יודע.ת היכן בדיוק,,התמונה ערוכה ואני יודע.ת היכן בדיוק,התמונה ערוכה ואני יודע.ת היכן בדיוק,,התמונה ערוכה ואני יודע.ת היכן בדיוק,6.207,1,,,,,,,התמונה אמיתית,27.621,4,14.456,3,,,,,18.485,1,התמונה ערוכה ואני יודע.ת היכן בדיוק,23.64,1,,,,,,13.621,1,17.457,1,,,התמונה ערוכה אך אני לא יודע.ת היכן בדיוק,22.409,2,,,,טלפון חכם,,"כן, פעמים בודדות",,20,אישה,,ישראל,,,1,2,3,4,5,"עברית,אנגלית,רוסית",,"אינטגרם - Instagram,טיקטוק - TikTok,יוטיוב - Youtube",,יותר מ-6 שעות,פחות משעה,בכלל לא,ניסיון מועט,אין,אף פעם,מיומנות אפסית,אני בטוח.ה ביכולת ההבחנה שלי,"כן, מדי פעם",זה פשוט נראה מזויף
77,התמונה ערוכה ואני יודע.ת היכן בדיוק,,התמונה ערוכה ואני יודע.ת היכן בדיוק,,התמונה אמיתית,,,התמונה אמיתית,התמונה ערוכה אך אני לא יודע.ת היכן בדיוק,20.172,4,,,,,,,התמונה אמיתית,32.15,3,22.168,2,,,19.521,2,,,התמונה ערוכה אך אני לא יודע.ת היכן בדיוק,235.557,2,,,,13.024,2,,,,,21.05,4,,,,התמונה ערוכה אך אני לא יודע.ת היכן בדיוק,992.226,3,מחשב (נייד או נייח),,לא,,23,גבר,,ישראל,,,1,3,4,5,2,"עברית,אנגלית",,רדיט - Reddit,,פחות משעה,פחות משעה,בכלל לא,אין,אין,אף פעם,מיומנות אפסית,אני בטוח.ה ביכולת ההבחנה שלי,"כן, פעמים בודדות","לתמונות אמיתיות יש אותנטיות, שלבינה מלאכותית אין."
78,,התמונה אמיתית,התמונה אמיתית,,,התמונה ערוכה ואני יודע.ת היכן בדיוק,התמונה ערוכה ואני יודע.ת היכן בדיוק,,התמונה אמיתית,3.901,1,,,,,,,התמונה אמיתית,3.944,2,,,9.411,2,9.5,3,,,,,,התמונה ערוכה אך אני לא יודע.ת היכן בדיוק,12.008,2,,,6.345,1,15.501,1,,,,,,התמונה ערוכה ואני יודע.ת היכן בדיוק,9.199,2,טלפון חכם,,"כן, פעמים בודדות",,24,אישה,,ישראל,,,1,4,5,3,2,"עברית,אנגלית,אחר:",ספרדית,יוטיוב - Youtube,,1-2 שעות,פחות משעה,במידה בינונית,ניסיון מועט,אין,אף פעם,מיומנות אפסית,אני קצת בטוח.ה ביכולת ההבחנה שלי,"כן, פעמים בודדות",
79,התמונה אמיתית,,התמונה ערוכה אך אני לא יודע.ת היכן בדיוק,,התמונה אמיתית,,התמונה אמיתית,,התמונה אמיתית,15.453,2,,,,התמונה ערוכה ואני יודע.ת היכן בדיוק,12.993,3,,,,11.169,2,,,19.475,3,,,התמונה ערוכה ואני יודע.ת היכן בדיוק,12.695,2,,,,9.857,2,,,11.675,2,,,התמונה אמיתית,27.3,2,,,,טלפון חכם,,לא,,26,אישה,,ישראל,,,1,3,5,4,2,"עברית,אנגלית,אחר:",הינדית,"פייסבוק - Facebook,אינטגרם - Instagram,יוטיוב - Youtube",,1-2 שעות,פחות משעה,במידה מעטה,ניסיון מועט,אין,אף פעם,מיומנות אפסית,אני קצת בטוח.ה ביכולת ההבחנה שלי,"כן, פעמים בודדות",צל ושלטים
80,התמונה ערוכה ואני יודע.ת היכן בדיוק,,,התמונה ערוכה ואני יודע.ת היכן בדיוק,התמונה ערוכה ואני יודע.ת היכן בדיוק,,,התמונה ערוכה אך אני לא יודע.ת היכן בדיוק,,,,התמונה אמיתית,11.665,2,התמונה אמיתית,33.333,3,,,,24.236,1,,,,,42.792,1,התמונה ערוכה ואני יודע.ת היכן בדיוק,68.138,1,,,,21.749,2,,,,,39.676,2,התמונה ערוכה אך אני לא יודע.ת היכן בדיוק,52.836,3,,,,טלפון חכם,,"כן, ברוב התמונות",לא חושב,22,גבר,,ישראל,,,1,2,5,4,3,"עברית,אנגלית",,אחר,Whatsapp,3-6 שעות,1-2 שעות,בכלל לא,ניסיון בינוני,אין,אף פעם,מיומנות אפסית,אני לא בטוח.ה כלל ביכולת ההבחנה שלי,"כן, פעמים בודדות",לא יודע חחחח
81,התמונה אמיתית,,,התמונה ערוכה ואני יודע.ת היכן בדיוק,התמונה ערוכה אך אני לא יודע.ת היכן בדיוק,,התמונה ערוכה אך אני לא יודע.ת היכן בדיוק,,התמונה ערוכה ואני יודע.ת היכן בדיוק,32.469,1,,,,התמונה ערוכה אך אני לא יודע.ת היכן בדיוק,44.523,3,,,,47.645,3,,,,,51.677,2,,,,התמונה אמיתית,33.754,2,32.948,3,,,53.888,3,,,התמונה אמיתית,36.688,3,,,,טלפון חכם,,"כן, בכל התמונות",עד כמה אנשים בטוחים בעצמם שהם רואים תמונה אמיתית/לא אמיתית. האם זה שהמקום מוכר להם יכול להשפיע על ההחלטה,20,גבר,,ישראל,,,1,3,4,2,5,"עברית,אנגלית",,"אינטגרם - Instagram,טיקטוק - TikTok,יוטיוב - Youtube",,1-2 שעות,פחות משעה,בכלל לא,אין,מועטה,אף פעם,מיומנות אפסית,אני לא בטוח.ה כלל ביכולת ההבחנה שלי,"כן, פעמים רבות","עיוותים בעצמים, אור וצל, צבע "
82,,התמונה אמיתית,,התמונה ערוכה ואני יודע.ת היכן בדיוק,התמונה ערוכה אך אני לא יודע.ת היכן בדיוק,,,התמונה ערוכה ואני יודע.ת היכן בדיוק,,,,התמונה אמיתית,56.084,1,התמונה ערוכה ואני יודע.ת היכן בדיוק,30.663,1,,,,,,34.45,2,,,33.231,1,,,,התמונה אמיתית,20.019,1,12.895,2,,,,,23.902,2,התמונה אמיתית,29.959,3,,,,טלפון חכם,,"כן, בכל התמונות",לראות מהי הרגשת הביטחון בתחושת ההכרה של המציאות המציאות שיש לנו,19,אישה,,ישראל,,,1,4,5,3,2,"עברית,אנגלית",,אינטגרם - Instagram,,3-6 שעות,פחות משעה,במידה בינונית,אין,אין,אף פעם,מיומנות אפסית,אני בטוח.ה ביכולת ההבחנה שלי,"כן, פעמים בודדות",דברים שלא תואמים את המציאות ונראים לא טבעיים
83,התמונה אמיתית,,התמונה ערוכה ואני יודע.ת היכן בדיוק,,התמונה אמיתית,,התמונה ערוכה ואני יודע.ת היכן בדיוק,,,,,התמונה אמיתית,14.368,1,,,,התמונה אמיתית,15.141,2,22.01,1,,,7.397,1,,,,,,התמונה אמיתית,12.544,1,9.514,2,,,15.2,2,,,התמונה אמיתית,12.946,2,,,,טלפון חכם,,לא,,25,גבר,,ישראל ,,,1,4,5,3,2,"עברית,אנגלית",,"פייסבוק - Facebook,אינטגרם - Instagram,יוטיוב - Youtube",,1-2 שעות,1-2 שעות,במידה בינונית,אין,אין,אף פעם,מיומנות אפסית,אני קצת בטוח.ה ביכולת ההבחנה שלי,"כן, מדי פעם","חריגויות, משהו לא הגיוני פיזיקלית כמו צל, תחושה שמשהו מודבק"
84,,התמונה אמיתית,התמונה ערוכה ואני יודע.ת היכן בדיוק,,התמונה אמיתית,,התמונה ערוכה ואני יודע.ת היכן בדיוק,,,,,התמונה ערוכה ואני יודע.ת היכן בדיוק,26.283,1,,,,התמונה אמיתית,17.196,2,,,3.459,1,14.377,2,,,,,,התמונה אמיתית,16.661,1,13.965,3,,,19.148,1,,,,,,התמונה ערוכה ואני יודע.ת היכן בדיוק,14.069,2,טלפון חכם,,"כן, ברוב התמונות",לא,24,אישה,,ישראל ,,,1,3,4,5,2,עברית,,יוטיוב - Youtube,,פחות משעה,1-2 שעות,במידה מעטה,אין,אין,אף פעם,מיומנות אפסית,אני בטוח.ה ביכולת ההבחנה שלי,"כן, פעמים בודדות",
85,,התמונה אמיתית,התמונה אמיתית,,,התמונה ערוכה ואני יודע.ת היכן בדיוק,התמונה אמיתית,,,,,התמונה אמיתית,30.084,2,,,,התמונה ערוכה ואני יודע.ת היכן בדיוק,47.5,2,,,48.697,2,30.102,2,,,,,,התמונה ערוכה ואני יודע.ת היכן בדיוק,48.062,2,,,21.404,2,32.546,1,,,,,,התמונה אמיתית,44.887,2,טלפון חכם,,"כן, בכל התמונות",,18,גבר,,ישראל ,,,1,3,4,5,2,"עברית,אנגלית",,טלגרם - Telegram,,1-2 שעות,פחות משעה,במידה בינונית,ניסיון מועט,מועטה,אף פעם,מיומנות אפסית,אני קצת בטוח.ה ביכולת ההבחנה שלי,"כן, פעמים בודדות","כתב מזוייף, איכות לא עקבית "
86,,התמונה אמיתית,,התמונה ערוכה אך אני לא יודע.ת היכן בדיוק,,התמונה ערוכה ואני יודע.ת היכן בדיוק,התמונה אמיתית,,התמונה אמיתית,10.17,1,,,,התמונה ערוכה אך אני לא יודע.ת היכן בדיוק,25.947,1,,,,,,9.302,1,,,10.644,2,,,,התמונה אמיתית,21.205,1,,,8.563,1,6.925,1,,,,,,התמונה אמיתית,16.85,2,טלפון חכם,,לא,לא,26,אישה,,רוסיה,רוסיה,,1,4,2,5,3,"עברית,אנגלית,רוסית",,"פייסבוק - Facebook,אינטגרם - Instagram,טלגרם - Telegram,יוטיוב - Youtube",,1-2 שעות,פחות משעה,במידה מעטה,אין,מועטה,אף פעם,מיומנות אפסית,אני קצת בטוח.ה ביכולת ההבחנה שלי,אף פעם,דברים לא הגיוניים