exposure,subject_num,picture,human,object,israel,far,logDe,correct,neg,conf,frac_conf,edited
0,1,Q2.Isr_edited_ob_5,0,1,1,0,0.65,0,-1,3,0.75,1
1,1,Q2.na_edited_hu_1,1,0,0,1,0.35,1,-1,4,1,1
2,1,Q2.as_edited_ob_1,0,1,0,1,0.75,1,-1,3,0.75,1
3,1,Q2.isr_edited_hu_1,1,0,1,0,0.84,1,-1,3,0.75,1
4,2,Q2.Isr_edited_ob_6,0,1,1,0,0.56,0,-1,3,0.75,1
5,2,Q2.af_edited_hu_1,1,0,0,1,0.36,0,-1,3,0.75,1
6,2,Q2.sa_edited_ob_1,0,1,0,1,0.63,1,-1,4,1,1
7,2,Q2.isr_edited_hu_2,1,0,1,0,0.12,1,-1,3,0.75,1
8,3,Q2.Isr_edited_ob_6,0,1,1,0,0.56,0,-1,2,0.5,1
9,3,Q2.na_edited_hu_1,1,0,0,1,0.35,1,-1,3,0.75,1
10,3,Q2.sa_edited_ob_1,0,1,0,1,0.63,0,-1,3,0.75,1
11,3,Q2.isr_edited_hu_2,1,0,1,0,0.12,0,-1,4,1,1
12,4,Q2.Isr_edited_ob_5,0,1,1,0,0.65,1,-1,4,1,1
13,4,Q2.na_edited_hu_1,1,0,0,1,0.35,1,-1,4,1,1
14,4,Q2.sa_edited_ob_1,0,1,0,1,0.63,1,-1,3,0.75,1
15,4,Q2.isr_edited_hu_2,1,0,1,0,0.12,0,-1,1,0.25,1
16,5,Q2.Isr_edited_ob_6,0,1,1,0,0.56,0,-1,4,1,1
17,5,Q2.af_edited_hu_1,1,0,0,1,0.36,1,-1,4,1,1
18,5,Q2.sa_edited_ob_1,0,1,0,1,0.63,1,-1,4,1,1
19,5,Q2.isr_edited_hu_1,1,0,1,0,0.84,0,-1,4,1,1
20,6,Q2.Isr_edited_ob_6,0,1,1,0,0.56,0,-1,2,0.5,1
21,6,Q2.na_edited_hu_1,1,0,0,1,0.35,1,-1,2,0.5,1
22,6,Q2.sa_edited_ob_1,0,1,0,1,0.63,1,-1,3,0.75,1
23,6,Q2.isr_edited_hu_1,1,0,1,0,0.84,0,-1,2,0.5,1
24,7,Q2.Isr_edited_ob_6,0,1,1,0,0.56,0,-1,3,0.75,1
25,7,Q2.na_edited_hu_1,1,0,0,1,0.35,0,-1,3,0.75,1
26,7,Q2.sa_edited_ob_1,0,1,0,1,0.63,1,-1,3,0.75,1
27,7,Q2.isr_edited_hu_2,1,0,1,0,0.12,0,-1,3,0.75,1
28,8,Q2.Isr_edited_ob_6,0,1,1,0,0.56,0,-1,4,1,1
29,8,Q2.af_edited_hu_1,1,0,0,1,0.36,0,-1,4,1,1
30,8,Q2.sa_edited_ob_1,0,1,0,1,0.63,1,-1,3,0.75,1
31,8,Q2.isr_edited_hu_1,1,0,1,0,0.84,1,-1,4,1,1
32,9,Q2.Isr_edited_ob_5,0,1,1,0,0.65,0,-1,1,0.25,1
33,9,Q2.af_edited_hu_1,1,0,0,1,0.36,1,-1,2,0.5,1
34,9,Q2.as_edited_ob_1,0,1,0,1,0.75,0,-1,1,0.25,1
35,9,Q2.isr_edited_hu_1,1,0,1,0,0.84,1,-1,3,0.75,1
36,10,Q2.Isr_edited_ob_5,0,1,1,0,0.65,1,-1,3,0.75,1
37,10,Q2.na_edited_hu_1,1,0,0,1,0.35,1,-1,4,1,1
38,10,Q2.as_edited_ob_1,0,1,0,1,0.75,1,-1,3,0.75,1
39,10,Q2.isr_edited_hu_1,1,0,1,0,0.84,1,-1,3,0.75,1
40,11,Q2.Isr_edited_ob_5,0,1,1,0,0.65,1,-1,4,1,1
41,11,Q2.na_edited_hu_1,1,0,0,1,0.35,1,-1,4,1,1
42,11,Q2.as_edited_ob_1,0,1,0,1,0.75,0,-1,1,0.25,1
43,11,Q2.isr_edited_hu_1,1,0,1,0,0.84,1,-1,3,0.75,1
44,12,Q2.Isr_edited_ob_6,0,1,1,0,0.56,0,-1,3,0.75,1
45,12,Q2.af_edited_hu_1,1,0,0,1,0.36,1,-1,2,0.5,1
46,12,Q2.as_edited_ob_1,0,1,0,1,0.75,0,-1,2,0.5,1
47,12,Q2.isr_edited_hu_1,1,0,1,0,0.84,0,-1,3,0.75,1
48,13,Q2.Isr_edited_ob_6,0,1,1,0,0.56,0,-1,1,0.25,1
49,13,Q2.af_edited_hu_1,1,0,0,1,0.36,0,-1,1,0.25,1
50,13,Q2.as_edited_ob_1,0,1,0,1,0.75,1,-1,2,0.5,1
51,13,Q2.isr_edited_hu_1,1,0,1,0,0.84,1,-1,2,0.5,1
52,14,Q2.Isr_edited_ob_5,0,1,1,0,0.65,1,-1,2,0.5,1
53,14,Q2.af_edited_hu_1,1,0,0,1,0.36,1,-1,2,0.5,1
54,14,Q2.as_edited_ob_1,0,1,0,1,0.75,1,-1,3,0.75,1
55,14,Q2.isr_edited_hu_1,1,0,1,0,0.84,1,-1,3,0.75,1
56,15,Q2.Isr_edited_ob_6,0,1,1,0,0.56,1,-1,2,0.5,1
57,15,Q2.na_edited_hu_1,1,0,0,1,0.35,1,-1,3,0.75,1
58,15,Q2.sa_edited_ob_1,0,1,0,1,0.63,1,-1,2,0.5,1
59,15,Q2.isr_edited_hu_1,1,0,1,0,0.84,1,-1,2,0.5,1
60,16,Q2.Isr_edited_ob_6,0,1,1,0,0.56,0,-1,4,1,1
61,16,Q2.af_edited_hu_1,1,0,0,1,0.36,1,-1,2,0.5,1
62,16,Q2.as_edited_ob_1,0,1,0,1,0.75,1,-1,2,0.5,1
63,16,Q2.isr_edited_hu_2,1,0,1,0,0.12,1,-1,4,1,1
64,17,Q2.Isr_edited_ob_5,0,1,1,0,0.65,0,-1,4,1,1
65,17,Q2.af_edited_hu_1,1,0,0,1,0.36,0,-1,3,0.75,1
66,17,Q2.as_edited_ob_1,0,1,0,1,0.75,1,-1,3,0.75,1
67,17,Q2.isr_edited_hu_2,1,0,1,0,0.12,0,-1,4,1,1
68,18,Q2.Isr_edited_ob_6,0,1,1,0,0.56,0,-1,4,1,1
69,18,Q2.af_edited_hu_1,1,0,0,1,0.36,1,-1,4,1,1
70,18,Q2.as_edited_ob_1,0,1,0,1,0.75,1,-1,4,1,1
71,18,Q2.isr_edited_hu_1,1,0,1,0,0.84,1,-1,4,1,1
72,19,Q2.Isr_edited_ob_5,0,1,1,0,0.65,0,-1,3,0.75,1
73,19,Q2.na_edited_hu_1,1,0,0,1,0.35,1,-1,3,0.75,1
74,19,Q2.as_edited_ob_1,0,1,0,1,0.75,0,-1,2,0.5,1
75,19,Q2.isr_edited_hu_1,1,0,1,0,0.84,0,-1,2,0.5,1
76,20,Q2.Isr_edited_ob_5,0,1,1,0,0.65,0,-1,4,1,1
77,20,Q2.na_edited_hu_1,1,0,0,1,0.35,1,-1,3,0.75,1
78,20,Q2.as_edited_ob_1,0,1,0,1,0.75,1,-1,3,0.75,1
79,20,Q2.isr_edited_hu_1,1,0,1,0,0.84,1,-1,3,0.75,1
80,21,Q2.Isr_edited_ob_5,0,1,1,0,0.65,0,-1,4,1,1
81,21,Q2.na_edited_hu_1,1,0,0,1,0.35,1,-1,3,0.75,1
82,21,Q2.sa_edited_ob_1,0,1,0,1,0.63,0,-1,2,0.5,1
83,21,Q2.isr_edited_hu_2,1,0,1,0,0.12,0,-1,3,0.75,1
84,22,Q2.Isr_edited_ob_5,0,1,1,0,0.65,0,-1,3,0.75,1
85,22,Q2.na_edited_hu_1,1,0,0,1,0.35,1,-1,4,1,1
86,22,Q2.as_edited_ob_1,0,1,0,1,0.75,1,-1,1,0.25,1
87,22,Q2.isr_edited_hu_2,1,0,1,0,0.12,0,-1,2,0.5,1
88,23,Q2.Isr_edited_ob_6,0,1,1,0,0.56,0,-1,4,1,1
89,23,Q2.af_edited_hu_1,1,0,0,1,0.36,1,-1,4,1,1
90,23,Q2.as_edited_ob_1,0,1,0,1,0.75,0,-1,3,0.75,1
91,23,Q2.isr_edited_hu_2,1,0,1,0,0.12,0,-1,4,1,1
92,24,Q2.Isr_edited_ob_5,0,1,1,0,0.65,0,-1,3,0.75,1
93,24,Q2.af_edited_hu_1,1,0,0,1,0.36,1,-1,3,0.75,1
94,24,Q2.as_edited_ob_1,0,1,0,1,0.75,1,-1,4,1,1
95,24,Q2.isr_edited_hu_1,1,0,1,0,0.84,1,-1,4,1,1
96,25,Q2.Isr_edited_ob_5,0,1,1,0,0.65,0,-1,2,0.5,1
97,25,Q2.na_edited_hu_1,1,0,0,1,0.35,1,-1,3,0.75,1
98,25,Q2.as_edited_ob_1,0,1,0,1,0.75,0,-1,2,0.5,1
99,25,Q2.isr_edited_hu_1,1,0,1,0,0.84,1,-1,3,0.75,1
100,26,Q2.Isr_edited_ob_6,0,1,1,0,0.56,0,-1,3,0.75,1
101,26,Q2.na_edited_hu_1,1,0,0,1,0.35,1,-1,4,1,1
102,26,Q2.sa_edited_ob_1,0,1,0,1,0.63,1,-1,2,0.5,1
103,26,Q2.isr_edited_hu_2,1,0,1,0,0.12,1,-1,4,1,1
104,27,Q2.Isr_edited_ob_5,0,1,1,0,0.65,0,-1,4,1,1
105,27,Q2.na_edited_hu_1,1,0,0,1,0.35,1,-1,4,1,1
106,27,Q2.sa_edited_ob_1,0,1,0,1,0.63,0,-1,4,1,1
107,27,Q2.isr_edited_hu_1,1,0,1,0,0.84,1,-1,3,0.75,1
108,28,Q2.Isr_edited_ob_6,0,1,1,0,0.56,0,-1,2,0.5,1
109,28,Q2.af_edited_hu_1,1,0,0,1,0.36,1,-1,4,1,1
110,28,Q2.as_edited_ob_1,0,1,0,1,0.75,1,-1,4,1,1
111,28,Q2.isr_edited_hu_2,1,0,1,0,0.12,1,-1,4,1,1
112,29,Q2.Isr_edited_ob_5,0,1,1,0,0.65,0,-1,3,0.75,1
113,29,Q2.na_edited_hu_1,1,0,0,1,0.35,1,-1,4,1,1
114,29,Q2.sa_edited_ob_1,0,1,0,1,0.63,0,-1,3,0.75,1
115,29,Q2.isr_edited_hu_2,1,0,1,0,0.12,1,-1,3,0.75,1
116,30,Q2.Isr_edited_ob_6,0,1,1,0,0.56,0,-1,4,1,1
117,30,Q2.na_edited_hu_1,1,0,0,1,0.35,0,-1,4,1,1
118,30,Q2.sa_edited_ob_1,0,1,0,1,0.63,1,-1,4,1,1
119,30,Q2.isr_edited_hu_2,1,0,1,0,0.12,1,-1,4,1,1
120,31,Q2.Isr_edited_ob_5,0,1,1,0,0.65,1,-1,3,0.75,1
121,31,Q2.na_edited_hu_1,1,0,0,1,0.35,1,-1,3,0.75,1
122,31,Q2.as_edited_ob_1,0,1,0,1,0.75,0,-1,3,0.75,1
123,31,Q2.isr_edited_hu_2,1,0,1,0,0.12,1,-1,1,0.25,1
124,32,Q2.Isr_edited_ob_6,0,1,1,0,0.56,0,-1,4,1,1
125,32,Q2.af_edited_hu_1,1,0,0,1,0.36,0,-1,3,0.75,1
126,32,Q2.as_edited_ob_1,0,1,0,1,0.75,1,-1,3,0.75,1
127,32,Q2.isr_edited_hu_1,1,0,1,0,0.84,1,-1,3,0.75,1
128,33,Q2.Isr_edited_ob_5,0,1,1,0,0.65,0,-1,1,0.25,1
129,33,Q2.na_edited_hu_1,1,0,0,1,0.35,1,-1,4,1,1
130,33,Q2.sa_edited_ob_1,0,1,0,1,0.63,0,-1,3,0.75,1
131,33,Q2.isr_edited_hu_2,1,0,1,0,0.12,0,-1,2,0.5,1
132,34,Q2.Isr_edited_ob_5,0,1,1,0,0.65,0,-1,3,0.75,1
133,34,Q2.na_edited_hu_1,1,0,0,1,0.35,0,-1,3,0.75,1
134,34,Q2.sa_edited_ob_1,0,1,0,1,0.63,0,-1,4,1,1
135,34,Q2.isr_edited_hu_1,1,0,1,0,0.84,1,-1,4,1,1
136,35,Q2.Isr_edited_ob_5,0,1,1,0,0.65,1,-1,4,1,1
137,35,Q2.na_edited_hu_1,1,0,0,1,0.35,0,-1,4,1,1
138,35,Q2.as_edited_ob_1,0,1,0,1,0.75,0,-1,3,0.75,1
139,35,Q2.isr_edited_hu_1,1,0,1,0,0.84,0,-1,3,0.75,1
140,36,Q2.Isr_edited_ob_6,0,1,1,0,0.56,0,-1,4,1,1
141,36,Q2.na_edited_hu_1,1,0,0,1,0.35,1,-1,4,1,1
142,36,Q2.sa_edited_ob_1,0,1,0,1,0.63,1,-1,1,0.25,1
143,36,Q2.isr_edited_hu_2,1,0,1,0,0.12,1,-1,3,0.75,1
144,37,Q2.Isr_edited_ob_6,0,1,1,0,0.56,0,-1,2,0.5,1
145,37,Q2.af_edited_hu_1,1,0,0,1,0.36,0,-1,3,0.75,1
146,37,Q2.sa_edited_ob_1,0,1,0,1,0.63,0,-1,3,0.75,1
147,37,Q2.isr_edited_hu_1,1,0,1,0,0.84,1,-1,4,1,1
148,38,Q2.Isr_edited_ob_5,0,1,1,0,0.65,0,-1,3,0.75,1
149,38,Q2.af_edited_hu_1,1,0,0,1,0.36,1,-1,2,0.5,1
150,38,Q2.as_edited_ob_1,0,1,0,1,0.75,0,-1,2,0.5,1
151,38,Q2.isr_edited_hu_1,1,0,1,0,0.84,1,-1,3,0.75,1
152,39,Q2.Isr_edited_ob_5,0,1,1,0,0.65,1,-1,4,1,1
153,39,Q2.af_edited_hu_1,1,0,0,1,0.36,0,-1,3,0.75,1
154,39,Q2.as_edited_ob_1,0,1,0,1,0.75,1,-1,2,0.5,1
155,39,Q2.isr_edited_hu_2,1,0,1,0,0.12,0,-1,3,0.75,1
156,40,Q2.Isr_edited_ob_5,0,1,1,0,0.65,0,-1,4,1,1
157,40,Q2.af_edited_hu_1,1,0,0,1,0.36,1,-1,4,1,1
158,40,Q2.as_edited_ob_1,0,1,0,1,0.75,0,-1,2,0.5,1
159,40,Q2.isr_edited_hu_2,1,0,1,0,0.12,1,-1,3,0.75,1
160,41,Q2.Isr_edited_ob_5,0,1,1,0,0.65,0,-1,4,1,1
161,41,Q2.af_edited_hu_1,1,0,0,1,0.36,0,-1,4,1,1
162,41,Q2.sa_edited_ob_1,0,1,0,1,0.63,1,-1,4,1,1
163,41,Q2.isr_edited_hu_1,1,0,1,0,0.84,1,-1,4,1,1
164,42,Q2.Isr_edited_ob_6,0,1,1,0,0.56,0,-1,2,0.5,1
165,42,Q2.na_edited_hu_1,1,0,0,1,0.35,1,-1,1,0.25,1
166,42,Q2.as_edited_ob_1,0,1,0,1,0.75,1,-1,2,0.5,1
167,42,Q2.isr_edited_hu_1,1,0,1,0,0.84,1,-1,3,0.75,1
168,43,Q2.Isr_edited_ob_5,0,1,1,0,0.65,0,-1,3,0.75,1
169,43,Q2.na_edited_hu_1,1,0,0,1,0.35,0,-1,3,0.75,1
170,43,Q2.as_edited_ob_1,0,1,0,1,0.75,1,-1,4,1,1
171,43,Q2.isr_edited_hu_1,1,0,1,0,0.84,1,-1,4,1,1
172,44,Q2.Isr_edited_ob_6,0,1,1,0,0.56,0,-1,3,0.75,1
173,44,Q2.na_edited_hu_1,1,0,0,1,0.35,1,-1,3,0.75,1
174,44,Q2.as_edited_ob_1,0,1,0,1,0.75,1,-1,2,0.5,1
175,44,Q2.isr_edited_hu_2,1,0,1,0,0.12,1,-1,3,0.75,1
176,45,Q2.Isr_edited_ob_6,0,1,1,0,0.56,1,-1,2,0.5,1
177,45,Q2.af_edited_hu_1,1,0,0,1,0.36,1,-1,3,0.75,1
178,45,Q2.as_edited_ob_1,0,1,0,1,0.75,0,-1,2,0.5,1
179,45,Q2.isr_edited_hu_1,1,0,1,0,0.84,0,-1,2,0.5,1
180,46,Q2.Isr_edited_ob_6,0,1,1,0,0.56,1,-1,2,0.5,1
181,46,Q2.na_edited_hu_1,1,0,0,1,0.35,0,-1,2,0.5,1
182,46,Q2.sa_edited_ob_1,0,1,0,1,0.63,0,-1,4,1,1
183,46,Q2.isr_edited_hu_2,1,0,1,0,0.12,1,-1,3,0.75,1
184,47,Q2.Isr_edited_ob_6,0,1,1,0,0.56,0,-1,3,0.75,1
185,47,Q2.af_edited_hu_1,1,0,0,1,0.36,1,-1,4,1,1
186,47,Q2.as_edited_ob_1,0,1,0,1,0.75,0,-1,2,0.5,1
187,47,Q2.isr_edited_hu_1,1,0,1,0,0.84,1,-1,4,1,1
188,48,Q2.Isr_edited_ob_6,0,1,1,0,0.56,0,-1,4,1,1
189,48,Q2.na_edited_hu_1,1,0,0,1,0.35,0,-1,2,0.5,1
190,48,Q2.as_edited_ob_1,0,1,0,1,0.75,1,-1,3,0.75,1
191,48,Q2.isr_edited_hu_2,1,0,1,0,0.12,0,-1,3,0.75,1
192,49,Q2.Isr_edited_ob_6,0,1,1,0,0.56,0,-1,3,0.75,1
193,49,Q2.af_edited_hu_1,1,0,0,1,0.36,1,-1,3,0.75,1
194,49,Q2.sa_edited_ob_1,0,1,0,1,0.63,0,-1,3,0.75,1
195,49,Q2.isr_edited_hu_1,1,0,1,0,0.84,0,-1,4,1,1
196,50,Q2.Isr_edited_ob_5,0,1,1,0,0.65,0,-1,4,1,1
197,50,Q2.af_edited_hu_1,1,0,0,1,0.36,0,-1,3,0.75,1
198,50,Q2.as_edited_ob_1,0,1,0,1,0.75,0,-1,4,1,1
199,50,Q2.isr_edited_hu_2,1,0,1,0,0.12,0,-1,4,1,1
200,51,Q2.Isr_edited_ob_6,0,1,1,0,0.56,0,-1,4,1,1
201,51,Q2.na_edited_hu_1,1,0,0,1,0.35,1,-1,4,1,1
202,51,Q2.sa_edited_ob_1,0,1,0,1,0.63,1,-1,1,0.25,1
203,51,Q2.isr_edited_hu_2,1,0,1,0,0.12,1,-1,3,0.75,1
204,52,Q2.Isr_edited_ob_5,0,1,1,0,0.65,1,-1,3,0.75,1
205,52,Q2.af_edited_hu_1,1,0,0,1,0.36,0,-1,4,1,1
206,52,Q2.as_edited_ob_1,0,1,0,1,0.75,1,-1,4,1,1
207,52,Q2.isr_edited_hu_1,1,0,1,0,0.84,1,-1,4,1,1
208,53,Q2.Isr_edited_ob_5,0,1,1,0,0.65,0,-1,4,1,1
209,53,Q2.na_edited_hu_1,1,0,0,1,0.35,1,-1,3,0.75,1
210,53,Q2.sa_edited_ob_1,0,1,0,1,0.63,1,-1,3,0.75,1
211,53,Q2.isr_edited_hu_2,1,0,1,0,0.12,0,-1,4,1,1
212,54,Q2.Isr_edited_ob_5,0,1,1,0,0.65,1,-1,2,0.5,1
213,54,Q2.af_edited_hu_1,1,0,0,1,0.36,1,-1,3,0.75,1
214,54,Q2.sa_edited_ob_1,0,1,0,1,0.63,0,-1,2,0.5,1
215,54,Q2.isr_edited_hu_2,1,0,1,0,0.12,0,-1,3,0.75,1
216,55,Q2.Isr_edited_ob_6,0,1,1,0,0.56,1,-1,4,1,1
217,55,Q2.af_edited_hu_1,1,0,0,1,0.36,1,-1,4,1,1
218,55,Q2.sa_edited_ob_1,0,1,0,1,0.63,1,-1,4,1,1
219,55,Q2.isr_edited_hu_1,1,0,1,0,0.84,1,-1,4,1,1
220,56,Q2.Isr_edited_ob_5,0,1,1,0,0.65,1,-1,1,0.25,1
221,56,Q2.af_edited_hu_1,1,0,0,1,0.36,0,-1,1,0.25,1
222,56,Q2.sa_edited_ob_1,0,1,0,1,0.63,0,-1,1,0.25,1
223,56,Q2.isr_edited_hu_1,1,0,1,0,0.84,0,-1,1,0.25,1
224,57,Q2.Isr_edited_ob_6,0,1,1,0,0.56,1,-1,3,0.75,1
225,57,Q2.af_edited_hu_1,1,0,0,1,0.36,0,-1,3,0.75,1
226,57,Q2.sa_edited_ob_1,0,1,0,1,0.63,0,-1,4,1,1
227,57,Q2.isr_edited_hu_1,1,0,1,0,0.84,1,-1,2,0.5,1
228,58,Q2.Isr_edited_ob_6,0,1,1,0,0.56,0,-1,2,0.5,1
229,58,Q2.na_edited_hu_1,1,0,0,1,0.35,1,-1,4,1,1
230,58,Q2.as_edited_ob_1,0,1,0,1,0.75,1,-1,2,0.5,1
231,58,Q2.isr_edited_hu_2,1,0,1,0,0.12,1,-1,4,1,1
232,59,Q2.Isr_edited_ob_6,0,1,1,0,0.56,1,-1,2,0.5,1
233,59,Q2.na_edited_hu_1,1,0,0,1,0.35,0,-1,2,0.5,1
234,59,Q2.as_edited_ob_1,0,1,0,1,0.75,0,-1,3,0.75,1
235,59,Q2.isr_edited_hu_2,1,0,1,0,0.12,1,-1,2,0.5,1
236,60,Q2.Isr_edited_ob_5,0,1,1,0,0.65,0,-1,4,1,1
237,60,Q2.na_edited_hu_1,1,0,0,1,0.35,1,-1,4,1,1
238,60,Q2.sa_edited_ob_1,0,1,0,1,0.63,0,-1,3,0.75,1
239,60,Q2.isr_edited_hu_2,1,0,1,0,0.12,1,-1,3,0.75,1
240,61,Q2.Isr_edited_ob_5,0,1,1,0,0.65,1,-1,4,1,1
241,61,Q2.na_edited_hu_1,1,0,0,1,0.35,1,-1,4,1,1
242,61,Q2.sa_edited_ob_1,0,1,0,1,0.63,1,-1,3,0.75,1
243,61,Q2.isr_edited_hu_1,1,0,1,0,0.84,1,-1,4,1,1
244,62,Q2.Isr_edited_ob_5,0,1,1,0,0.65,0,-1,4,1,1
245,62,Q2.na_edited_hu_1,1,0,0,1,0.35,1,-1,4,1,1
246,62,Q2.sa_edited_ob_1,0,1,0,1,0.63,1,-1,3,0.75,1
247,62,Q2.isr_edited_hu_1,1,0,1,0,0.84,1,-1,4,1,1
248,63,Q2.Isr_edited_ob_6,0,1,1,0,0.56,1,-1,3,0.75,1
249,63,Q2.af_edited_hu_1,1,0,0,1,0.36,1,-1,3,0.75,1
250,63,Q2.sa_edited_ob_1,0,1,0,1,0.63,0,-1,4,1,1
251,63,Q2.isr_edited_hu_2,1,0,1,0,0.12,1,-1,3,0.75,1
252,64,Q2.Isr_edited_ob_5,0,1,1,0,0.65,1,-1,3,0.75,1
253,64,Q2.na_edited_hu_1,1,0,0,1,0.35,0,-1,2,0.5,1
254,64,Q2.sa_edited_ob_1,0,1,0,1,0.63,1,-1,2,0.5,1
255,64,Q2.isr_edited_hu_2,1,0,1,0,0.12,1,-1,2,0.5,1
256,65,Q2.Isr_edited_ob_6,0,1,1,0,0.56,0,-1,3,0.75,1
257,65,Q2.na_edited_hu_1,1,0,0,1,0.35,1,-1,4,1,1
258,65,Q2.as_edited_ob_1,0,1,0,1,0.75,0,-1,3,0.75,1
259,65,Q2.isr_edited_hu_2,1,0,1,0,0.12,1,-1,4,1,1
260,66,Q2.Isr_edited_ob_6,0,1,1,0,0.56,0,-1,4,1,1
261,66,Q2.na_edited_hu_1,1,0,0,1,0.35,1,-1,4,1,1
262,66,Q2.as_edited_ob_1,0,1,0,1,0.75,1,-1,4,1,1
263,66,Q2.isr_edited_hu_1,1,0,1,0,0.84,1,-1,4,1,1
264,67,Q2.Isr_edited_ob_5,0,1,1,0,0.65,0,-1,3,0.75,1
265,67,Q2.na_edited_hu_1,1,0,0,1,0.35,1,-1,3,0.75,1
266,67,Q2.as_edited_ob_1,0,1,0,1,0.75,1,-1,4,1,1
267,67,Q2.isr_edited_hu_2,1,0,1,0,0.12,0,-1,2,0.5,1
268,68,Q2.Isr_edited_ob_5,0,1,1,0,0.65,1,-1,4,1,1
269,68,Q2.af_edited_hu_1,1,0,0,1,0.36,1,-1,3,0.75,1
270,68,Q2.sa_edited_ob_1,0,1,0,1,0.63,1,-1,4,1,1
271,68,Q2.isr_edited_hu_1,1,0,1,0,0.84,1,-1,3,0.75,1
272,69,Q2.Isr_edited_ob_6,0,1,1,0,0.56,0,-1,3,0.75,1
273,69,Q2.na_edited_hu_1,1,0,0,1,0.35,1,-1,4,1,1
274,69,Q2.as_edited_ob_1,0,1,0,1,0.75,1,-1,2,0.5,1
275,69,Q2.isr_edited_hu_2,1,0,1,0,0.12,1,-1,4,1,1
276,70,Q2.Isr_edited_ob_5,0,1,1,0,0.65,0,-1,3,0.75,1
277,70,Q2.af_edited_hu_1,1,0,0,1,0.36,1,-1,2,0.5,1
278,70,Q2.sa_edited_ob_1,0,1,0,1,0.63,0,-1,4,1,1
279,70,Q2.isr_edited_hu_1,1,0,1,0,0.84,1,-1,2,0.5,1
280,71,Q2.Isr_edited_ob_5,0,1,1,0,0.65,1,-1,4,1,1
281,71,Q2.af_edited_hu_1,1,0,0,1,0.36,1,-1,2,0.5,1
282,71,Q2.sa_edited_ob_1,0,1,0,1,0.63,0,-1,2,0.5,1
283,71,Q2.isr_edited_hu_1,1,0,1,0,0.84,1,-1,3,0.75,1
284,72,Q2.Isr_edited_ob_5,0,1,1,0,0.65,0,-1,3,0.75,1
285,72,Q2.af_edited_hu_1,1,0,0,1,0.36,1,-1,4,1,1
286,72,Q2.as_edited_ob_1,0,1,0,1,0.75,1,-1,3,0.75,1
287,72,Q2.isr_edited_hu_1,1,0,1,0,0.84,1,-1,3,0.75,1
288,73,Q2.Isr_edited_ob_6,0,1,1,0,0.56,0,-1,4,1,1
289,73,Q2.af_edited_hu_1,1,0,0,1,0.36,1,-1,4,1,1
290,73,Q2.as_edited_ob_1,0,1,0,1,0.75,1,-1,4,1,1
291,73,Q2.isr_edited_hu_1,1,0,1,0,0.84,0,-1,4,1,1
292,74,Q2.Isr_edited_ob_6,0,1,1,0,0.56,0,-1,2,0.5,1
293,74,Q2.af_edited_hu_1,1,0,0,1,0.36,1,-1,3,0.75,1
294,74,Q2.sa_edited_ob_1,0,1,0,1,0.63,1,-1,2,0.5,1
295,74,Q2.isr_edited_hu_1,1,0,1,0,0.84,1,-1,2,0.5,1
296,75,Q2.Isr_edited_ob_6,0,1,1,0,0.56,0,-1,4,1,1
297,75,Q2.af_edited_hu_1,1,0,0,1,0.36,0,-1,2,0.5,1
298,75,Q2.sa_edited_ob_1,0,1,0,1,0.63,1,-1,4,1,1
299,75,Q2.isr_edited_hu_1,1,0,1,0,0.84,1,-1,2,0.5,1
300,76,Q2.Isr_edited_ob_5,0,1,1,0,0.65,1,-1,2,0.5,1
301,76,Q2.af_edited_hu_1,1,0,0,1,0.36,1,-1,4,1,1
302,76,Q2.sa_edited_ob_1,0,1,0,1,0.63,1,-1,4,1,1
303,76,Q2.isr_edited_hu_2,1,0,1,0,0.12,1,-1,4,1,1
304,77,Q2.Isr_edited_ob_5,0,1,1,0,0.65,1,-1,3,0.75,1
305,77,Q2.na_edited_hu_1,1,0,0,1,0.35,1,-1,3,0.75,1
306,77,Q2.as_edited_ob_1,0,1,0,1,0.75,0,-1,3,0.75,1
307,77,Q2.isr_edited_hu_1,1,0,1,0,0.84,0,-1,1,0.25,1
308,78,Q2.Isr_edited_ob_6,0,1,1,0,0.56,0,-1,3,0.75,1
309,78,Q2.na_edited_hu_1,1,0,0,1,0.35,0,-1,2,0.5,1
310,78,Q2.sa_edited_ob_1,0,1,0,1,0.63,1,-1,4,1,1
311,78,Q2.isr_edited_hu_2,1,0,1,0,0.12,1,-1,4,1,1
312,79,Q2.Isr_edited_ob_5,0,1,1,0,0.65,0,-1,3,0.75,1
313,79,Q2.na_edited_hu_1,1,0,0,1,0.35,1,-1,2,0.5,1
314,79,Q2.as_edited_ob_1,0,1,0,1,0.75,0,-1,3,0.75,1
315,79,Q2.isr_edited_hu_2,1,0,1,0,0.12,0,-1,3,0.75,1
316,80,Q2.Isr_edited_ob_5,0,1,1,0,0.65,1,-1,4,1,1
317,80,Q2.af_edited_hu_1,1,0,0,1,0.36,1,-1,4,1,1
318,80,Q2.as_edited_ob_1,0,1,0,1,0.75,1,-1,3,0.75,1
319,80,Q2.isr_edited_hu_1,1,0,1,0,0.84,1,-1,3,0.75,1
320,81,Q2.Isr_edited_ob_5,0,1,1,0,0.65,0,-1,2,0.5,1
321,81,Q2.af_edited_hu_1,1,0,0,1,0.36,1,-1,3,0.75,1
322,81,Q2.as_edited_ob_1,0,1,0,1,0.75,1,-1,2,0.5,1
323,81,Q2.isr_edited_hu_2,1,0,1,0,0.12,1,-1,2,0.5,1
324,82,Q2.Isr_edited_ob_6,0,1,1,0,0.56,0,-1,3,0.75,1
325,82,Q2.af_edited_hu_1,1,0,0,1,0.36,1,-1,4,1,1
326,82,Q2.as_edited_ob_1,0,1,0,1,0.75,1,-1,3,0.75,1
327,82,Q2.isr_edited_hu_1,1,0,1,0,0.84,1,-1,3,0.75,1
328,83,Q2.Isr_edited_ob_5,0,1,1,0,0.65,0,-1,4,1,1
329,83,Q2.na_edited_hu_1,1,0,0,1,0.35,1,-1,4,1,1
330,83,Q2.as_edited_ob_1,0,1,0,1,0.75,0,-1,3,0.75,1
331,83,Q2.isr_edited_hu_2,1,0,1,0,0.12,1,-1,3,0.75,1
332,84,Q2.Isr_edited_ob_6,0,1,1,0,0.56,0,-1,4,1,1
333,84,Q2.na_edited_hu_1,1,0,0,1,0.35,1,-1,3,0.75,1
334,84,Q2.as_edited_ob_1,0,1,0,1,0.75,0,-1,2,0.5,1
335,84,Q2.isr_edited_hu_2,1,0,1,0,0.12,1,-1,4,1,1
336,85,Q2.Isr_edited_ob_6,0,1,1,0,0.56,0,-1,3,0.75,1
337,85,Q2.na_edited_hu_1,1,0,0,1,0.35,0,-1,3,0.75,1
338,85,Q2.sa_edited_ob_1,0,1,0,1,0.63,1,-1,3,0.75,1
339,85,Q2.isr_edited_hu_2,1,0,1,0,0.12,0,-1,4,1,1
340,86,Q2.Isr_edited_ob_6,0,1,1,0,0.56,0,-1,4,1,1
341,86,Q2.af_edited_hu_1,1,0,0,1,0.36,1,-1,3,0.75,1
342,86,Q2.sa_edited_ob_1,0,1,0,1,0.63,1,-1,4,1,1
343,86,Q2.isr_edited_hu_2,1,0,1,0,0.12,0,-1,4,1,1
344,1,Q2.Isr_unedited_2,,,1,,,0,,2,0.5,0
345,1,Q2.as_unedited_1,,,0,,,1,,3,0.75,0
346,1,Q2.Isr_unedited_4,,,1,,,1,,3,0.75,0
347,1,Q2.na_unedited_1,,,0,,,1,,3,0.75,0
348,2,Q2.Isr_unedited_1,,,1,,,1,,3,0.75,0
349,2,Q2.as_unedited_1,,,0,,,1,,4,1,0
350,2,Q2.Isr_unedited_3,,,1,,,0,,3,0.75,0
351,2,Q2.na_unedited_1,,,0,,,1,,3,0.75,0
352,3,Q2.Isr_unedited_2,,,1,,,0,,3,0.75,0
353,3,Q2.sa_unedited_1,,,0,,,0,,3,0.75,0
354,3,Q2.Isr_unedited_4,,,1,,,1,,4,1,0
355,3,Q2.af_unedited_1,,,0,,,1,,3,0.75,0
356,4,Q2.Isr_unedited_1,,,1,,,1,,1,0.25,0
357,4,Q2.sa_unedited_1,,,0,,,0,,4,1,0
358,4,Q2.Isr_unedited_4,,,1,,,1,,3,0.75,0
359,4,Q2.na_unedited_1,,,0,,,1,,2,0.5,0
360,5,Q2.Isr_unedited_1,,,1,,,1,,4,1,0
361,5,Q2.as_unedited_1,,,0,,,0,,2,0.5,0
362,5,Q2.Isr_unedited_3,,,1,,,0,,4,1,0
363,5,Q2.af_unedited_1,,,0,,,1,,3,0.75,0
364,6,Q2.Isr_unedited_1,,,1,,,0,,2,0.5,0
365,6,Q2.as_unedited_1,,,0,,,1,,2,0.5,0
366,6,Q2.Isr_unedited_4,,,1,,,1,,2,0.5,0
367,6,Q2.na_unedited_1,,,0,,,0,,2,0.5,0
368,7,Q2.Isr_unedited_2,,,1,,,1,,3,0.75,0
369,7,Q2.sa_unedited_1,,,0,,,1,,3,0.75,0
370,7,Q2.Isr_unedited_3,,,1,,,0,,3,0.75,0
371,7,Q2.na_unedited_1,,,0,,,1,,2,0.5,0
372,8,Q2.Isr_unedited_1,,,1,,,1,,4,1,0
373,8,Q2.sa_unedited_1,,,0,,,1,,2,0.5,0
374,8,Q2.Isr_unedited_4,,,1,,,1,,4,1,0
375,8,Q2.na_unedited_1,,,0,,,0,,4,1,0
376,9,Q2.Isr_unedited_1,,,1,,,1,,3,0.75,0
377,9,Q2.sa_unedited_1,,,0,,,1,,1,0.25,0
378,9,Q2.Isr_unedited_4,,,1,,,1,,2,0.5,0
379,9,Q2.na_unedited_1,,,0,,,1,,1,0.25,0
380,10,Q2.Isr_unedited_1,,,1,,,0,,3,0.75,0
381,10,Q2.sa_unedited_1,,,0,,,1,,4,1,0
382,10,Q2.Isr_unedited_4,,,1,,,0,,2,0.5,0
383,10,Q2.af_unedited_1,,,0,,,1,,3,0.75,0
384,11,Q2.Isr_unedited_1,,,1,,,1,,2,0.5,0
385,11,Q2.as_unedited_1,,,0,,,0,,2,0.5,0
386,11,Q2.Isr_unedited_4,,,1,,,1,,2,0.5,0
387,11,Q2.na_unedited_1,,,0,,,0,,4,1,0
388,12,Q2.Isr_unedited_2,,,1,,,1,,3,0.75,0
389,12,Q2.as_unedited_1,,,0,,,1,,3,0.75,0
390,12,Q2.Isr_unedited_3,,,1,,,1,,3,0.75,0
391,12,Q2.na_unedited_1,,,0,,,1,,3,0.75,0
392,13,Q2.Isr_unedited_2,,,1,,,1,,1,0.25,0
393,13,Q2.as_unedited_1,,,0,,,1,,1,0.25,0
394,13,Q2.Isr_unedited_4,,,1,,,1,,1,0.25,0
395,13,Q2.af_unedited_1,,,0,,,1,,1,0.25,0
396,14,Q2.Isr_unedited_1,,,1,,,1,,3,0.75,0
397,14,Q2.sa_unedited_1,,,0,,,0,,3,0.75,0
398,14,Q2.Isr_unedited_3,,,1,,,1,,2,0.5,0
399,14,Q2.na_unedited_1,,,0,,,1,,3,0.75,0
400,15,Q2.Isr_unedited_1,,,1,,,1,,2,0.5,0
401,15,Q2.sa_unedited_1,,,0,,,1,,3,0.75,0
402,15,Q2.Isr_unedited_4,,,1,,,1,,3,0.75,0
403,15,Q2.na_unedited_1,,,0,,,0,,3,0.75,0
404,16,Q2.Isr_unedited_2,,,1,,,0,,4,1,0
405,16,Q2.as_unedited_1,,,0,,,0,,1,0.25,0
406,16,Q2.Isr_unedited_3,,,1,,,0,,2,0.5,0
407,16,Q2.na_unedited_1,,,0,,,1,,3,0.75,0
408,17,Q2.Isr_unedited_1,,,1,,,1,,4,1,0
409,17,Q2.as_unedited_1,,,0,,,1,,3,0.75,0
410,17,Q2.Isr_unedited_3,,,1,,,1,,4,1,0
411,17,Q2.af_unedited_1,,,0,,,1,,4,1,0
412,18,Q2.Isr_unedited_2,,,1,,,1,,4,1,0
413,18,Q2.sa_unedited_1,,,0,,,0,,4,1,0
414,18,Q2.Isr_unedited_3,,,1,,,1,,4,1,0
415,18,Q2.af_unedited_1,,,0,,,1,,4,1,0
416,19,Q2.Isr_unedited_1,,,1,,,1,,3,0.75,0
417,19,Q2.as_unedited_1,,,0,,,1,,2,0.5,0
418,19,Q2.Isr_unedited_4,,,1,,,1,,2,0.5,0
419,19,Q2.af_unedited_1,,,0,,,1,,3,0.75,0
420,20,Q2.Isr_unedited_2,,,1,,,0,,3,0.75,0
421,20,Q2.as_unedited_1,,,0,,,1,,4,1,0
422,20,Q2.Isr_unedited_3,,,1,,,1,,4,1,0
423,20,Q2.af_unedited_1,,,0,,,1,,3,0.75,0
424,21,Q2.Isr_unedited_1,,,1,,,1,,3,0.75,0
425,21,Q2.sa_unedited_1,,,0,,,1,,3,0.75,0
426,21,Q2.Isr_unedited_3,,,1,,,1,,3,0.75,0
427,21,Q2.af_unedited_1,,,0,,,0,,2,0.5,0
428,22,Q2.Isr_unedited_2,,,1,,,1,,3,0.75,0
429,22,Q2.sa_unedited_1,,,0,,,0,,3,0.75,0
430,22,Q2.Isr_unedited_4,,,1,,,1,,3,0.75,0
431,22,Q2.af_unedited_1,,,0,,,1,,4,1,0
432,23,Q2.Isr_unedited_1,,,1,,,1,,4,1,0
433,23,Q2.sa_unedited_1,,,0,,,0,,4,1,0
434,23,Q2.Isr_unedited_3,,,1,,,1,,4,1,0
435,23,Q2.na_unedited_1,,,0,,,1,,4,1,0
436,24,Q2.Isr_unedited_2,,,1,,,0,,3,0.75,0
437,24,Q2.sa_unedited_1,,,0,,,1,,3,0.75,0
438,24,Q2.Isr_unedited_3,,,1,,,1,,2,0.5,0
439,24,Q2.na_unedited_1,,,0,,,1,,3,0.75,0
440,25,Q2.Isr_unedited_2,,,1,,,0,,1,0.25,0
441,25,Q2.sa_unedited_1,,,0,,,1,,2,0.5,0
442,25,Q2.Isr_unedited_4,,,1,,,0,,3,0.75,0
443,25,Q2.na_unedited_1,,,0,,,1,,2,0.5,0
444,26,Q2.Isr_unedited_2,,,1,,,1,,3,0.75,0
445,26,Q2.as_unedited_1,,,0,,,1,,3,0.75,0
446,26,Q2.Isr_unedited_4,,,1,,,0,,2,0.5,0
447,26,Q2.af_unedited_1,,,0,,,1,,3,0.75,0
448,27,Q2.Isr_unedited_2,,,1,,,1,,3,0.75,0
449,27,Q2.sa_unedited_1,,,0,,,0,,4,1,0
450,27,Q2.Isr_unedited_3,,,1,,,1,,4,1,0
451,27,Q2.af_unedited_1,,,0,,,1,,4,1,0
452,28,Q2.Isr_unedited_2,,,1,,,1,,4,1,0
453,28,Q2.as_unedited_1,,,0,,,0,,2,0.5,0
454,28,Q2.Isr_unedited_4,,,1,,,0,,4,1,0
455,28,Q2.na_unedited_1,,,0,,,0,,4,1,0
456,29,Q2.Isr_unedited_1,,,1,,,1,,4,1,0
457,29,Q2.sa_unedited_1,,,0,,,1,,2,0.5,0
458,29,Q2.Isr_unedited_3,,,1,,,1,,2,0.5,0
459,29,Q2.na_unedited_1,,,0,,,1,,2,0.5,0
460,30,Q2.Isr_unedited_1,,,1,,,1,,4,1,0
461,30,Q2.as_unedited_1,,,0,,,0,,4,1,0
462,30,Q2.Isr_unedited_3,,,1,,,1,,4,1,0
463,30,Q2.af_unedited_1,,,0,,,0,,4,1,0
464,31,Q2.Isr_unedited_2,,,1,,,0,,3,0.75,0
465,31,Q2.sa_unedited_1,,,0,,,0,,1,0.25,0
466,31,Q2.Isr_unedited_3,,,1,,,0,,3,0.75,0
467,31,Q2.af_unedited_1,,,0,,,1,,4,1,0
468,32,Q2.Isr_unedited_2,,,1,,,0,,3,0.75,0
469,32,Q2.as_unedited_1,,,0,,,1,,3,0.75,0
470,32,Q2.Isr_unedited_3,,,1,,,1,,3,0.75,0
471,32,Q2.af_unedited_1,,,0,,,1,,2,0.5,0
472,33,Q2.Isr_unedited_1,,,1,,,0,,3,0.75,0
473,33,Q2.sa_unedited_1,,,0,,,0,,4,1,0
474,33,Q2.Isr_unedited_3,,,1,,,0,,1,0.25,0
475,33,Q2.na_unedited_1,,,0,,,0,,1,0.25,0
476,34,Q2.Isr_unedited_2,,,1,,,1,,3,0.75,0
477,34,Q2.sa_unedited_1,,,0,,,0,,4,1,0
478,34,Q2.Isr_unedited_4,,,1,,,1,,3,0.75,0
479,34,Q2.af_unedited_1,,,0,,,0,,2,0.5,0
480,35,Q2.Isr_unedited_2,,,1,,,0,,3,0.75,0
481,35,Q2.sa_unedited_1,,,0,,,0,,3,0.75,0
482,35,Q2.Isr_unedited_4,,,1,,,1,,3,0.75,0
483,35,Q2.af_unedited_1,,,0,,,1,,2,0.5,0
484,36,Q2.Isr_unedited_2,,,1,,,1,,4,1,0
485,36,Q2.as_unedited_1,,,0,,,1,,4,1,0
486,36,Q2.Isr_unedited_4,,,1,,,1,,4,1,0
487,36,Q2.af_unedited_1,,,0,,,1,,4,1,0
488,37,Q2.Isr_unedited_2,,,1,,,1,,3,0.75,0
489,37,Q2.as_unedited_1,,,0,,,1,,3,0.75,0
490,37,Q2.Isr_unedited_3,,,1,,,1,,3,0.75,0
491,37,Q2.af_unedited_1,,,0,,,1,,3,0.75,0
492,38,Q2.Isr_unedited_2,,,1,,,0,,2,0.5,0
493,38,Q2.as_unedited_1,,,0,,,0,,3,0.75,0
494,38,Q2.Isr_unedited_4,,,1,,,1,,4,1,0
495,38,Q2.na_unedited_1,,,0,,,1,,3,0.75,0
496,39,Q2.Isr_unedited_2,,,1,,,1,,3,0.75,0
497,39,Q2.as_unedited_1,,,0,,,1,,3,0.75,0
498,39,Q2.Isr_unedited_3,,,1,,,0,,2,0.5,0
499,39,Q2.af_unedited_1,,,0,,,0,,3,0.75,0
500,40,Q2.Isr_unedited_2,,,1,,,1,,3,0.75,0
501,40,Q2.sa_unedited_1,,,0,,,1,,3,0.75,0
502,40,Q2.Isr_unedited_3,,,1,,,1,,3,0.75,0
503,40,Q2.na_unedited_1,,,0,,,1,,1,0.25,0
504,41,Q2.Isr_unedited_2,,,1,,,1,,4,1,0
505,41,Q2.as_unedited_1,,,0,,,1,,3,0.75,0
506,41,Q2.Isr_unedited_3,,,1,,,0,,4,1,0
507,41,Q2.af_unedited_1,,,0,,,1,,3,0.75,0
508,42,Q2.Isr_unedited_2,,,1,,,0,,3,0.75,0
509,42,Q2.as_unedited_1,,,0,,,1,,4,1,0
510,42,Q2.Isr_unedited_4,,,1,,,1,,4,1,0
511,42,Q2.af_unedited_1,,,0,,,1,,2,0.5,0
512,43,Q2.Isr_unedited_2,,,1,,,0,,4,1,0
513,43,Q2.sa_unedited_1,,,0,,,0,,4,1,0
514,43,Q2.Isr_unedited_4,,,1,,,1,,4,1,0
515,43,Q2.na_unedited_1,,,0,,,1,,1,0.25,0
516,44,Q2.Isr_unedited_1,,,1,,,1,,3,0.75,0
517,44,Q2.sa_unedited_1,,,0,,,1,,3,0.75,0
518,44,Q2.Isr_unedited_4,,,1,,,0,,2,0.5,0
519,44,Q2.af_unedited_1,,,0,,,1,,3,0.75,0
520,45,Q2.Isr_unedited_1,,,1,,,1,,3,0.75,0
521,45,Q2.sa_unedited_1,,,0,,,0,,4,1,0
522,45,Q2.Isr_unedited_4,,,1,,,1,,2,0.5,0
523,45,Q2.af_unedited_1,,,0,,,1,,3,0.75,0
524,46,Q2.Isr_unedited_2,,,1,,,0,,3,0.75,0
525,46,Q2.as_unedited_1,,,0,,,1,,2,0.5,0
526,46,Q2.Isr_unedited_3,,,1,,,0,,3,0.75,0
527,46,Q2.na_unedited_1,,,0,,,0,,3,0.75,0
528,47,Q2.Isr_unedited_2,,,1,,,1,,3,0.75,0
529,47,Q2.sa_unedited_1,,,0,,,0,,2,0.5,0
530,47,Q2.Isr_unedited_4,,,1,,,1,,2,0.5,0
531,47,Q2.af_unedited_1,,,0,,,1,,2,0.5,0
532,48,Q2.Isr_unedited_2,,,1,,,1,,3,0.75,0
533,48,Q2.sa_unedited_1,,,0,,,0,,3,0.75,0
534,48,Q2.Isr_unedited_3,,,1,,,0,,3,0.75,0
535,48,Q2.af_unedited_1,,,0,,,0,,3,0.75,0
536,49,Q2.Isr_unedited_1,,,1,,,0,,2,0.5,0
537,49,Q2.as_unedited_1,,,0,,,0,,2,0.5,0
538,49,Q2.Isr_unedited_4,,,1,,,1,,3,0.75,0
539,49,Q2.af_unedited_1,,,0,,,1,,3,0.75,0
540,50,Q2.Isr_unedited_2,,,1,,,1,,4,1,0
541,50,Q2.sa_unedited_1,,,0,,,1,,1,0.25,0
542,50,Q2.Isr_unedited_3,,,1,,,1,,3,0.75,0
543,50,Q2.af_unedited_1,,,0,,,1,,2,0.5,0
544,51,Q2.Isr_unedited_1,,,1,,,1,,4,1,0
545,51,Q2.sa_unedited_1,,,0,,,1,,4,1,0
546,51,Q2.Isr_unedited_3,,,1,,,1,,4,1,0
547,51,Q2.na_unedited_1,,,0,,,1,,4,1,0
548,52,Q2.Isr_unedited_2,,,1,,,1,,4,1,0
549,52,Q2.sa_unedited_1,,,0,,,1,,4,1,0
550,52,Q2.Isr_unedited_3,,,1,,,0,,3,0.75,0
551,52,Q2.af_unedited_1,,,0,,,0,,4,1,0
552,53,Q2.Isr_unedited_1,,,1,,,0,,3,0.75,0
553,53,Q2.as_unedited_1,,,0,,,0,,3,0.75,0
554,53,Q2.Isr_unedited_3,,,1,,,1,,4,1,0
555,53,Q2.na_unedited_1,,,0,,,1,,4,1,0
556,54,Q2.Isr_unedited_1,,,1,,,1,,3,0.75,0
557,54,Q2.as_unedited_1,,,0,,,1,,3,0.75,0
558,54,Q2.Isr_unedited_4,,,1,,,1,,3,0.75,0
559,54,Q2.na_unedited_1,,,0,,,1,,4,1,0
560,55,Q2.Isr_unedited_1,,,1,,,0,,2,0.5,0
561,55,Q2.as_unedited_1,,,0,,,1,,2,0.5,0
562,55,Q2.Isr_unedited_4,,,1,,,1,,3,0.75,0
563,55,Q2.na_unedited_1,,,0,,,1,,2,0.5,0
564,56,Q2.Isr_unedited_1,,,1,,,1,,1,0.25,0
565,56,Q2.as_unedited_1,,,0,,,1,,1,0.25,0
566,56,Q2.Isr_unedited_3,,,1,,,0,,2,0.5,0
567,56,Q2.na_unedited_1,,,0,,,1,,1,0.25,0
568,57,Q2.Isr_unedited_2,,,1,,,0,,3,0.75,0
569,57,Q2.as_unedited_1,,,0,,,1,,4,1,0
570,57,Q2.Isr_unedited_4,,,1,,,1,,4,1,0
571,57,Q2.af_unedited_1,,,0,,,1,,4,1,0
572,58,Q2.Isr_unedited_2,,,1,,,1,,3,0.75,0
573,58,Q2.sa_unedited_1,,,0,,,0,,4,1,0
574,58,Q2.Isr_unedited_4,,,1,,,1,,3,0.75,0
575,58,Q2.af_unedited_1,,,0,,,0,,4,1,0
576,59,Q2.Isr_unedited_2,,,1,,,0,,3,0.75,0
577,59,Q2.as_unedited_1,,,0,,,0,,2,0.5,0
578,59,Q2.Isr_unedited_3,,,1,,,1,,2,0.5,0
579,59,Q2.na_unedited_1,,,0,,,0,,3,0.75,0
580,60,Q2.Isr_unedited_1,,,1,,,0,,4,1,0
581,60,Q2.as_unedited_1,,,0,,,0,,3,0.75,0
582,60,Q2.Isr_unedited_4,,,1,,,1,,4,1,0
583,60,Q2.na_unedited_1,,,0,,,0,,2,0.5,0
584,61,Q2.Isr_unedited_1,,,1,,,1,,2,0.5,0
585,61,Q2.as_unedited_1,,,0,,,1,,4,1,0
586,61,Q2.Isr_unedited_4,,,1,,,1,,3,0.75,0
587,61,Q2.na_unedited_1,,,0,,,1,,3,0.75,0
588,62,Q2.Isr_unedited_1,,,1,,,1,,4,1,0
589,62,Q2.sa_unedited_1,,,0,,,0,,4,1,0
590,62,Q2.Isr_unedited_4,,,1,,,1,,3,0.75,0
591,62,Q2.na_unedited_1,,,0,,,1,,3,0.75,0
592,63,Q2.Isr_unedited_2,,,1,,,0,,1,0.25,0
593,63,Q2.sa_unedited_1,,,0,,,0,,2,0.5,0
594,63,Q2.Isr_unedited_3,,,1,,,1,,4,1,0
595,63,Q2.na_unedited_1,,,0,,,1,,2,0.5,0
596,64,Q2.Isr_unedited_2,,,1,,,1,,3,0.75,0
597,64,Q2.as_unedited_1,,,0,,,0,,2,0.5,0
598,64,Q2.Isr_unedited_4,,,1,,,1,,3,0.75,0
599,64,Q2.af_unedited_1,,,0,,,0,,3,0.75,0
600,65,Q2.Isr_unedited_2,,,1,,,0,,4,1,0
601,65,Q2.as_unedited_1,,,0,,,1,,3,0.75,0
602,65,Q2.Isr_unedited_3,,,1,,,1,,3,0.75,0
603,65,Q2.na_unedited_1,,,0,,,1,,3,0.75,0
604,66,Q2.Isr_unedited_1,,,1,,,0,,4,1,0
605,66,Q2.as_unedited_1,,,0,,,1,,4,1,0
606,66,Q2.Isr_unedited_4,,,1,,,1,,4,1,0
607,66,Q2.na_unedited_1,,,0,,,1,,3,0.75,0
608,67,Q2.Isr_unedited_1,,,1,,,1,,3,0.75,0
609,67,Q2.as_unedited_1,,,0,,,1,,4,1,0
610,67,Q2.Isr_unedited_3,,,1,,,0,,3,0.75,0
611,67,Q2.af_unedited_1,,,0,,,1,,3,0.75,0
612,68,Q2.Isr_unedited_2,,,1,,,1,,4,1,0
613,68,Q2.sa_unedited_1,,,0,,,1,,3,0.75,0
614,68,Q2.Isr_unedited_3,,,1,,,1,,4,1,0
615,68,Q2.na_unedited_1,,,0,,,1,,3,0.75,0
616,69,Q2.Isr_unedited_2,,,1,,,0,,2,0.5,0
617,69,Q2.sa_unedited_1,,,0,,,0,,3,0.75,0
618,69,Q2.Isr_unedited_3,,,1,,,0,,4,1,0
619,69,Q2.af_unedited_1,,,0,,,1,,4,1,0
620,70,Q2.Isr_unedited_2,,,1,,,0,,4,1,0
621,70,Q2.as_unedited_1,,,0,,,1,,4,1,0
622,70,Q2.Isr_unedited_3,,,1,,,0,,3,0.75,0
623,70,Q2.af_unedited_1,,,0,,,1,,3,0.75,0
624,71,Q2.Isr_unedited_2,,,1,,,0,,3,0.75,0
625,71,Q2.as_unedited_1,,,0,,,0,,3,0.75,0
626,71,Q2.Isr_unedited_4,,,1,,,0,,3,0.75,0
627,71,Q2.na_unedited_1,,,0,,,1,,2,0.5,0
628,72,Q2.Isr_unedited_2,,,1,,,0,,3,0.75,0
629,72,Q2.as_unedited_1,,,0,,,0,,3,0.75,0
630,72,Q2.Isr_unedited_4,,,1,,,1,,4,1,0
631,72,Q2.af_unedited_1,,,0,,,1,,3,0.75,0
632,73,Q2.Isr_unedited_2,,,1,,,1,,4,1,0
633,73,Q2.sa_unedited_1,,,0,,,0,,4,1,0
634,73,Q2.Isr_unedited_4,,,1,,,1,,3,0.75,0
635,73,Q2.af_unedited_1,,,0,,,1,,4,1,0
636,74,Q2.Isr_unedited_2,,,1,,,1,,2,0.5,0
637,74,Q2.sa_unedited_1,,,0,,,0,,3,0.75,0
638,74,Q2.Isr_unedited_4,,,1,,,1,,2,0.5,0
639,74,Q2.af_unedited_1,,,0,,,1,,2,0.5,0
640,75,Q2.Isr_unedited_1,,,1,,,1,,3,0.75,0
641,75,Q2.as_unedited_1,,,0,,,0,,3,0.75,0
642,75,Q2.Isr_unedited_3,,,1,,,1,,4,1,0
643,75,Q2.af_unedited_1,,,0,,,0,,3,0.75,0
644,76,Q2.Isr_unedited_1,,,1,,,0,,4,1,0
645,76,Q2.as_unedited_1,,,0,,,1,,1,0.25,0
646,76,Q2.Isr_unedited_3,,,1,,,0,,4,1,0
647,76,Q2.af_unedited_1,,,0,,,0,,3,0.75,0
648,77,Q2.Isr_unedited_1,,,1,,,0,,1,0.25,0
649,77,Q2.as_unedited_1,,,0,,,1,,2,0.5,0
650,77,Q2.Isr_unedited_3,,,1,,,0,,3,0.75,0
651,77,Q2.na_unedited_1,,,0,,,0,,2,0.5,0
652,78,Q2.Isr_unedited_1,,,1,,,1,,4,1,0
653,78,Q2.as_unedited_1,,,0,,,1,,3,0.75,0
654,78,Q2.Isr_unedited_4,,,1,,,0,,3,0.75,0
655,78,Q2.na_unedited_1,,,0,,,0,,3,0.75,0
656,79,Q2.Isr_unedited_1,,,1,,,1,,3,0.75,0
657,79,Q2.sa_unedited_1,,,0,,,0,,2,0.5,0
658,79,Q2.Isr_unedited_3,,,1,,,0,,3,0.75,0
659,79,Q2.af_unedited_1,,,0,,,1,,3,0.75,0
660,80,Q2.Isr_unedited_2,,,1,,,1,,3,0.75,0
661,80,Q2.sa_unedited_1,,,0,,,1,,2,0.5,0
662,80,Q2.Isr_unedited_3,,,1,,,0,,4,1,0
663,80,Q2.af_unedited_1,,,0,,,0,,2,0.5,0
664,81,Q2.Isr_unedited_1,,,1,,,0,,4,1,0
665,81,Q2.sa_unedited_1,,,0,,,0,,2,0.5,0
666,81,Q2.Isr_unedited_4,,,1,,,1,,3,0.75,0
667,81,Q2.af_unedited_1,,,0,,,1,,2,0.5,0
668,82,Q2.Isr_unedited_2,,,1,,,1,,4,1,0
669,82,Q2.sa_unedited_1,,,0,,,0,,4,1,0
670,82,Q2.Isr_unedited_4,,,1,,,1,,4,1,0
671,82,Q2.af_unedited_1,,,0,,,1,,2,0.5,0
672,83,Q2.Isr_unedited_2,,,1,,,1,,4,1,0
673,83,Q2.as_unedited_1,,,0,,,1,,3,0.75,0
674,83,Q2.Isr_unedited_4,,,1,,,1,,4,1,0
675,83,Q2.af_unedited_1,,,0,,,1,,3,0.75,0
676,84,Q2.Isr_unedited_2,,,1,,,0,,4,1,0
677,84,Q2.as_unedited_1,,,0,,,1,,3,0.75,0
678,84,Q2.Isr_unedited_4,,,1,,,1,,4,1,0
679,84,Q2.na_unedited_1,,,0,,,0,,3,0.75,0
680,85,Q2.Isr_unedited_2,,,1,,,1,,3,0.75,0
681,85,Q2.as_unedited_1,,,0,,,0,,3,0.75,0
682,85,Q2.Isr_unedited_4,,,1,,,0,,3,0.75,0
683,85,Q2.na_unedited_1,,,0,,,1,,3,0.75,0
684,86,Q2.Isr_unedited_1,,,1,,,1,,4,1,0
685,86,Q2.sa_unedited_1,,,0,,,0,,4,1,0
686,86,Q2.Isr_unedited_4,,,1,,,1,,4,1,0
687,86,Q2.na_unedited_1,,,0,,,1,,3,0.75,0